wave,analysis,raw_state_code,state_name,metric,estimate,se,ci_lower,ci_upper,units,n_public,n_private,minimum_weight_only_effective_n,singleton_treatment,design_df,status,flags
NFHS-4,all_narrow,1,andaman and nicobar islands,observed_public_pct,29.33632813739422,4.355871765465445,20.697483845715546,37.97517242907289,percent,194,16,132.45988342384547,adjust,103,approximate_interval,
NFHS-4,all_narrow,1,andaman and nicobar islands,observed_public_pct,29.33632813739422,4.568216074867951,20.276348990530877,38.39630728425756,percent,194,16,132.45988342384547,average,103,approximate_interval,
NFHS-4,all_narrow,1,andaman and nicobar islands,observed_public_pct,29.33632813739422,4.3556231269769325,20.697976961514826,37.97467931327361,percent,194,16,132.45988342384547,zero_sensitivity_only,103,approximate_interval,
NFHS-4,all_narrow,1,andaman and nicobar islands,observed_private_pct,86.24196230020243,10.27337245464295,65.8671510650058,106.61677353539906,percent,194,16,14.483073722118677,adjust,103,approximate_interval_outside_bounds,sparse_n_below_30;weight_only_effective_n_below_30;wald_interval_outside_0_100
NFHS-4,all_narrow,1,andaman and nicobar islands,observed_private_pct,86.24196230020243,10.75853701074453,64.9049415965746,107.57898300383026,percent,194,16,14.483073722118677,average,103,approximate_interval_outside_bounds,sparse_n_below_30;weight_only_effective_n_below_30;wald_interval_outside_0_100
NFHS-4,all_narrow,1,andaman and nicobar islands,observed_private_pct,86.24196230020243,10.257862554759013,65.89791129333463,106.58601330707023,percent,194,16,14.483073722118677,zero_sensitivity_only,103,approximate_interval_outside_bounds,sparse_n_below_30;weight_only_effective_n_below_30;wald_interval_outside_0_100
NFHS-4,all_narrow,1,andaman and nicobar islands,observed_gap_pp,56.905634162808205,10.654822818622806,35.77430609771953,78.03696222789688,percentage points,194,16,14.483073722118677,adjust,103,approximate_interval_sparse,sparse_n_below_30;weight_only_effective_n_below_30
NFHS-4,all_narrow,1,andaman and nicobar islands,observed_gap_pp,56.905634162808205,11.161670521732521,34.76909322128125,79.04217510433516,percentage points,194,16,14.483073722118677,average,103,approximate_interval_sparse,sparse_n_below_30;weight_only_effective_n_below_30
NFHS-4,all_narrow,1,andaman and nicobar islands,observed_gap_pp,56.905634162808205,10.64223527595729,35.799270519758856,78.01199780585756,percentage points,194,16,14.483073722118677,zero_sensitivity_only,103,approximate_interval_sparse,sparse_n_below_30;weight_only_effective_n_below_30
NFHS-4,first_delivery,1,andaman and nicobar islands,observed_public_pct,33.19773247152922,5.900689228061844,21.4951070960632,44.90035784699524,percent,108,11,71.22699319980424,adjust,103,approximate_interval,
NFHS-4,first_delivery,1,andaman and nicobar islands,observed_public_pct,33.19773247152922,6.183583075811359,20.934053871044586,45.46141107201386,percent,108,11,71.22699319980424,average,103,approximate_interval,
NFHS-4,first_delivery,1,andaman and nicobar islands,observed_public_pct,33.19773247152922,5.895815130278321,21.50477371943538,44.890691223623065,percent,108,11,71.22699319980424,zero_sensitivity_only,103,approximate_interval,
NFHS-4,first_delivery,1,andaman and nicobar islands,observed_private_pct,79.3022154095609,14.637383867381004,50.272416812098726,108.33201400702308,percent,108,11,9.7932183992819,adjust,103,approximate_interval_outside_bounds,sparse_n_below_30;weight_only_effective_n_below_30;wald_interval_outside_0_100
NFHS-4,first_delivery,1,andaman and nicobar islands,observed_private_pct,79.3022154095609,15.293267918350937,48.97162549068129,109.63280532844051,percent,108,11,9.7932183992819,average,103,approximate_interval_outside_bounds,sparse_n_below_30;weight_only_effective_n_below_30;wald_interval_outside_0_100
NFHS-4,first_delivery,1,andaman and nicobar islands,observed_private_pct,79.3022154095609,14.581558827457433,50.383132612159685,108.22129820696212,percent,108,11,9.7932183992819,zero_sensitivity_only,103,approximate_interval_outside_bounds,sparse_n_below_30;weight_only_effective_n_below_30;wald_interval_outside_0_100
NFHS-4,first_delivery,1,andaman and nicobar islands,observed_gap_pp,46.10448293803168,15.765361993300353,14.837605767344897,77.37136010871846,percentage points,108,11,9.7932183992819,adjust,103,approximate_interval_sparse,sparse_n_below_30;weight_only_effective_n_below_30
NFHS-4,first_delivery,1,andaman and nicobar islands,observed_gap_pp,46.10448293803168,16.49901613748303,13.382575808522937,78.82639006754042,percentage points,108,11,9.7932183992819,average,103,approximate_interval_sparse,sparse_n_below_30;weight_only_effective_n_below_30
NFHS-4,first_delivery,1,andaman and nicobar islands,observed_gap_pp,46.10448293803168,15.731194646449378,14.905368641276475,77.30359723478688,percentage points,108,11,9.7932183992819,zero_sensitivity_only,103,approximate_interval_sparse,sparse_n_below_30;weight_only_effective_n_below_30
NFHS-4,all_narrow,2,andhra pradesh,observed_public_pct,28.97774903939882,2.6085551529844206,23.85103667048604,34.1044614083116,percent,513,1598,459.4506876735619,adjust,442,approximate_interval,
NFHS-4,all_narrow,2,andhra pradesh,observed_public_pct,28.97774903939882,2.6085551529844206,23.85103667048604,34.1044614083116,percent,513,1598,459.4506876735619,average,442,approximate_interval,
NFHS-4,all_narrow,2,andhra pradesh,observed_public_pct,28.97774903939882,2.6085551529844206,23.85103667048604,34.1044614083116,percent,513,1598,459.4506876735619,zero_sensitivity_only,442,approximate_interval,
NFHS-4,all_narrow,2,andhra pradesh,observed_private_pct,57.04955838914899,1.4889849105061308,54.12318846015487,59.97592831814311,percent,513,1598,1449.5027760089138,adjust,442,approximate_interval,
NFHS-4,all_narrow,2,andhra pradesh,observed_private_pct,57.04955838914899,1.4889849105061308,54.12318846015487,59.97592831814311,percent,513,1598,1449.5027760089138,average,442,approximate_interval,
NFHS-4,all_narrow,2,andhra pradesh,observed_private_pct,57.04955838914899,1.4889849105061308,54.12318846015487,59.97592831814311,percent,513,1598,1449.5027760089138,zero_sensitivity_only,442,approximate_interval,
NFHS-4,all_narrow,2,andhra pradesh,observed_gap_pp,28.071809349750172,2.9827253943683063,22.20972314663374,33.93389555286661,percentage points,513,1598,459.4506876735619,adjust,442,approximate_interval,
NFHS-4,all_narrow,2,andhra pradesh,observed_gap_pp,28.071809349750172,2.9827253943683063,22.20972314663374,33.93389555286661,percentage points,513,1598,459.4506876735619,average,442,approximate_interval,
NFHS-4,all_narrow,2,andhra pradesh,observed_gap_pp,28.071809349750172,2.9827253943683063,22.20972314663374,33.93389555286661,percentage points,513,1598,459.4506876735619,zero_sensitivity_only,442,approximate_interval,
NFHS-4,first_delivery,2,andhra pradesh,observed_public_pct,29.775340741576134,3.749084825452737,22.407093409423,37.14358807372927,percent,223,808,197.23721506428384,adjust,442,approximate_interval,
NFHS-4,first_delivery,2,andhra pradesh,observed_public_pct,29.775340741576134,3.749084825452737,22.407093409423,37.14358807372927,percent,223,808,197.23721506428384,average,442,approximate_interval,
NFHS-4,first_delivery,2,andhra pradesh,observed_public_pct,29.775340741576134,3.749084825452737,22.407093409423,37.14358807372927,percent,223,808,197.23721506428384,zero_sensitivity_only,442,approximate_interval,
NFHS-4,first_delivery,2,andhra pradesh,observed_private_pct,58.035571966885755,1.7672924975182875,54.562231448803225,61.508912484968285,percent,223,808,728.0484438938411,adjust,442,approximate_interval,
NFHS-4,first_delivery,2,andhra pradesh,observed_private_pct,58.035571966885755,1.7672924975182875,54.562231448803225,61.508912484968285,percent,223,808,728.0484438938411,average,442,approximate_interval,
NFHS-4,first_delivery,2,andhra pradesh,observed_private_pct,58.035571966885755,1.7672924975182875,54.562231448803225,61.508912484968285,percent,223,808,728.0484438938411,zero_sensitivity_only,442,approximate_interval,
NFHS-4,first_delivery,2,andhra pradesh,observed_gap_pp,28.260231225309624,4.194390938773409,20.016803486676814,36.503658963942435,percentage points,223,808,197.23721506428384,adjust,442,approximate_interval,
NFHS-4,first_delivery,2,andhra pradesh,observed_gap_pp,28.260231225309624,4.194390938773409,20.016803486676814,36.503658963942435,percentage points,223,808,197.23721506428384,average,442,approximate_interval,
NFHS-4,first_delivery,2,andhra pradesh,observed_gap_pp,28.260231225309624,4.194390938773409,20.016803486676814,36.503658963942435,percentage points,223,808,197.23721506428384,zero_sensitivity_only,442,approximate_interval,
NFHS-4,all_narrow,3,arunachal pradesh,observed_public_pct,16.376550061700325,1.3224166734603038,13.779942175770568,18.97315794763008,percent,1390,309,1016.912508828793,adjust,666,approximate_interval,
NFHS-4,all_narrow,3,arunachal pradesh,observed_public_pct,16.376550061700325,1.3224166734603038,13.779942175770568,18.97315794763008,percent,1390,309,1016.912508828793,average,666,approximate_interval,
NFHS-4,all_narrow,3,arunachal pradesh,observed_public_pct,16.376550061700325,1.3224166734603038,13.779942175770568,18.97315794763008,percent,1390,309,1016.912508828793,zero_sensitivity_only,666,approximate_interval,
NFHS-4,all_narrow,3,arunachal pradesh,observed_private_pct,40.815614843746204,3.836791369835683,33.28195096342488,48.349278724067524,percent,1390,309,226.2491462102087,adjust,666,approximate_interval,
NFHS-4,all_narrow,3,arunachal pradesh,observed_private_pct,40.815614843746204,3.836791369835683,33.28195096342488,48.349278724067524,percent,1390,309,226.2491462102087,average,666,approximate_interval,
NFHS-4,all_narrow,3,arunachal pradesh,observed_private_pct,40.815614843746204,3.836791369835683,33.28195096342488,48.349278724067524,percent,1390,309,226.2491462102087,zero_sensitivity_only,666,approximate_interval,
NFHS-4,all_narrow,3,arunachal pradesh,observed_gap_pp,24.439064782045875,4.053953244427625,16.478996541128254,32.3991330229635,percentage points,1390,309,226.2491462102087,adjust,666,approximate_interval,
NFHS-4,all_narrow,3,arunachal pradesh,observed_gap_pp,24.439064782045875,4.053953244427625,16.478996541128254,32.3991330229635,percentage points,1390,309,226.2491462102087,average,666,approximate_interval,
NFHS-4,all_narrow,3,arunachal pradesh,observed_gap_pp,24.439064782045875,4.053953244427625,16.478996541128254,32.3991330229635,percentage points,1390,309,226.2491462102087,zero_sensitivity_only,666,approximate_interval,
NFHS-4,first_delivery,3,arunachal pradesh,observed_public_pct,18.754479429871367,2.4032094790977134,14.035699933059778,23.473258926682956,percent,594,143,429.2635080856603,adjust,666,approximate_interval,
NFHS-4,first_delivery,3,arunachal pradesh,observed_public_pct,18.754479429871367,2.4032094790977134,14.035699933059778,23.473258926682956,percent,594,143,429.2635080856603,average,666,approximate_interval,
NFHS-4,first_delivery,3,arunachal pradesh,observed_public_pct,18.754479429871367,2.4032094790977134,14.035699933059778,23.473258926682956,percent,594,143,429.2635080856603,zero_sensitivity_only,666,approximate_interval,
NFHS-4,first_delivery,3,arunachal pradesh,observed_private_pct,44.34176795629129,4.35598970542809,35.788641360762966,52.89489455181962,percent,594,143,107.1589096306054,adjust,666,approximate_interval,
NFHS-4,first_delivery,3,arunachal pradesh,observed_private_pct,44.34176795629129,4.35598970542809,35.788641360762966,52.89489455181962,percent,594,143,107.1589096306054,average,666,approximate_interval,
NFHS-4,first_delivery,3,arunachal pradesh,observed_private_pct,44.34176795629129,4.35598970542809,35.788641360762966,52.89489455181962,percent,594,143,107.1589096306054,zero_sensitivity_only,666,approximate_interval,
NFHS-4,first_delivery,3,arunachal pradesh,observed_gap_pp,25.587288526419925,5.189967609669199,15.396619357281093,35.777957695558754,percentage points,594,143,107.1589096306054,adjust,666,approximate_interval,
NFHS-4,first_delivery,3,arunachal pradesh,observed_gap_pp,25.587288526419925,5.189967609669199,15.396619357281093,35.777957695558754,percentage points,594,143,107.1589096306054,average,666,approximate_interval,
NFHS-4,first_delivery,3,arunachal pradesh,observed_gap_pp,25.587288526419925,5.189967609669199,15.396619357281093,35.777957695558754,percentage points,594,143,107.1589096306054,zero_sensitivity_only,666,approximate_interval,
NFHS-4,all_narrow,4,assam,observed_public_pct,24.26814499382356,1.3259700727244015,21.666300791424412,26.86998919622271,percent,1589,841,1316.5674957546335,adjust,1053,approximate_interval,
NFHS-4,all_narrow,4,assam,observed_public_pct,24.26814499382356,1.3312887782931708,21.655864324166945,26.880425663480178,percent,1589,841,1316.5674957546335,average,1053,approximate_interval,
NFHS-4,all_narrow,4,assam,observed_public_pct,24.26814499382356,1.3251110708142249,21.667986341638414,26.86830364600871,percent,1589,841,1316.5674957546335,zero_sensitivity_only,1053,approximate_interval,
NFHS-4,all_narrow,4,assam,observed_private_pct,60.37115969160354,2.1897587971672055,56.074372495376814,64.66794688783027,percent,1589,841,707.8525920340461,adjust,1053,approximate_interval,
NFHS-4,all_narrow,4,assam,observed_private_pct,60.37115969160354,2.199809807055711,56.05465020876974,64.68766917443733,percent,1589,841,707.8525920340461,average,1053,approximate_interval,
NFHS-4,all_narrow,4,assam,observed_private_pct,60.37115969160354,2.1896018178358743,56.07468052326637,64.66763885994071,percent,1589,841,707.8525920340461,zero_sensitivity_only,1053,approximate_interval,
NFHS-4,all_narrow,4,assam,observed_gap_pp,36.103014697779976,2.541839934580235,31.11536706284817,41.09066233271179,percentage points,1589,841,707.8525920340461,adjust,1053,approximate_interval,
NFHS-4,all_narrow,4,assam,observed_gap_pp,36.103014697779976,2.5535987039438197,31.092293777466146,41.113735618093806,percentage points,1589,841,707.8525920340461,average,1053,approximate_interval,
NFHS-4,all_narrow,4,assam,observed_gap_pp,36.103014697779976,2.5417489940470643,31.11554550812673,41.09048388743322,percentage points,1589,841,707.8525920340461,zero_sensitivity_only,1053,approximate_interval,
NFHS-4,first_delivery,4,assam,observed_public_pct,29.444801591056898,1.8273624797188754,25.859115479929635,33.03048770218416,percent,905,539,751.5697378752295,adjust,1053,approximate_interval,
NFHS-4,first_delivery,4,assam,observed_public_pct,29.444801591056898,1.8356707545215754,25.84281282191947,33.04679036019433,percent,905,539,751.5697378752295,average,1053,approximate_interval,
NFHS-4,first_delivery,4,assam,observed_public_pct,29.444801591056898,1.8271525148022945,25.85952747716257,33.03007570495123,percent,905,539,751.5697378752295,zero_sensitivity_only,1053,approximate_interval,
NFHS-4,first_delivery,4,assam,observed_private_pct,63.98581320461179,2.4243732417002546,59.22866099346946,68.74296541575411,percent,905,539,453.0645616360442,adjust,1053,approximate_interval,
NFHS-4,first_delivery,4,assam,observed_private_pct,63.98581320461179,2.435675742325961,59.20648300745716,68.76514340176641,percent,905,539,453.0645616360442,average,1053,approximate_interval,
NFHS-4,first_delivery,4,assam,observed_private_pct,63.98581320461179,2.4243732417002546,59.22866099346946,68.74296541575411,percent,905,539,453.0645616360442,zero_sensitivity_only,1053,approximate_interval,
NFHS-4,first_delivery,4,assam,observed_gap_pp,34.541011613554886,3.1500503473609296,28.35992170652049,40.722101520589284,percentage points,905,539,453.0645616360442,adjust,1053,approximate_interval,
NFHS-4,first_delivery,4,assam,observed_gap_pp,34.541011613554886,3.1646136113306502,28.331345387411133,40.75067783969864,percentage points,905,539,453.0645616360442,average,1053,approximate_interval,
NFHS-4,first_delivery,4,assam,observed_gap_pp,34.541011613554886,3.149928550137724,28.360160699394903,40.72186252771487,percentage points,905,539,453.0645616360442,zero_sensitivity_only,1053,approximate_interval,
NFHS-4,all_narrow,5,bihar,observed_public_pct,4.473061527500981,0.45654808477242936,3.57753296913532,5.368590085866642,percent,3558,4026,2709.6500746578163,adjust,1525,approximate_interval,
NFHS-4,all_narrow,5,bihar,observed_public_pct,4.473061527500981,0.45654808477242936,3.57753296913532,5.368590085866642,percent,3558,4026,2709.6500746578163,average,1525,approximate_interval,
NFHS-4,all_narrow,5,bihar,observed_public_pct,4.473061527500981,0.45654808477242936,3.57753296913532,5.368590085866642,percent,3558,4026,2709.6500746578163,zero_sensitivity_only,1525,approximate_interval,
NFHS-4,all_narrow,5,bihar,observed_private_pct,31.129256220588573,0.9700826939371515,29.226418851705414,33.03209358947173,percent,3558,4026,3177.9849605155173,adjust,1525,approximate_interval,
NFHS-4,all_narrow,5,bihar,observed_private_pct,31.129256220588573,0.9700826939371515,29.226418851705414,33.03209358947173,percent,3558,4026,3177.9849605155173,average,1525,approximate_interval,
NFHS-4,all_narrow,5,bihar,observed_private_pct,31.129256220588573,0.9700826939371515,29.226418851705414,33.03209358947173,percent,3558,4026,3177.9849605155173,zero_sensitivity_only,1525,approximate_interval,
NFHS-4,all_narrow,5,bihar,observed_gap_pp,26.656194693087592,1.0791475589240618,24.53942432444438,28.772965061730805,percentage points,3558,4026,2709.6500746578163,adjust,1525,approximate_interval,
NFHS-4,all_narrow,5,bihar,observed_gap_pp,26.656194693087592,1.0791475589240618,24.53942432444438,28.772965061730805,percentage points,3558,4026,2709.6500746578163,average,1525,approximate_interval,
NFHS-4,all_narrow,5,bihar,observed_gap_pp,26.656194693087592,1.0791475589240618,24.53942432444438,28.772965061730805,percentage points,3558,4026,2709.6500746578163,zero_sensitivity_only,1525,approximate_interval,
NFHS-4,first_delivery,5,bihar,observed_public_pct,6.985540168584019,0.8905223791977331,5.238762010851039,8.732318326317,percent,1149,1756,883.7231802409084,adjust,1525,approximate_interval,
NFHS-4,first_delivery,5,bihar,observed_public_pct,6.985540168584019,0.8905223791977331,5.238762010851039,8.732318326317,percent,1149,1756,883.7231802409084,average,1525,approximate_interval,
NFHS-4,first_delivery,5,bihar,observed_public_pct,6.985540168584019,0.8905223791977331,5.238762010851039,8.732318326317,percent,1149,1756,883.7231802409084,zero_sensitivity_only,1525,approximate_interval,
NFHS-4,first_delivery,5,bihar,observed_private_pct,35.822660878678406,1.3330968513646746,33.20776369416939,38.437558063187424,percent,1149,1756,1380.7163497448835,adjust,1525,approximate_interval,
NFHS-4,first_delivery,5,bihar,observed_private_pct,35.822660878678406,1.3330968513646746,33.20776369416939,38.437558063187424,percent,1149,1756,1380.7163497448835,average,1525,approximate_interval,
NFHS-4,first_delivery,5,bihar,observed_private_pct,35.822660878678406,1.3330968513646746,33.20776369416939,38.437558063187424,percent,1149,1756,1380.7163497448835,zero_sensitivity_only,1525,approximate_interval,
NFHS-4,first_delivery,5,bihar,observed_gap_pp,28.837120710094382,1.5715936053687602,25.754407185068615,31.91983423512015,percentage points,1149,1756,883.7231802409084,adjust,1525,approximate_interval,
NFHS-4,first_delivery,5,bihar,observed_gap_pp,28.837120710094382,1.5715936053687602,25.754407185068615,31.91983423512015,percentage points,1149,1756,883.7231802409084,average,1525,approximate_interval,
NFHS-4,first_delivery,5,bihar,observed_gap_pp,28.837120710094382,1.5715936053687602,25.754407185068615,31.91983423512015,percentage points,1149,1756,883.7231802409084,zero_sensitivity_only,1525,approximate_interval,
NFHS-4,all_narrow,6,chandigarh,observed_public_pct,19.181808257522775,4.341092348263899,10.377664908306626,27.985951606738922,percent,116,34,112.77730486626434,adjust,36,approximate_interval,
NFHS-4,all_narrow,6,chandigarh,observed_public_pct,19.181808257522775,5.996800618111714,7.019732898854551,31.343883616191,percent,116,34,112.77730486626434,average,36,approximate_interval,
NFHS-4,all_narrow,6,chandigarh,observed_public_pct,19.181808257522775,4.240378382490472,10.581922298106663,27.781694216938888,percent,116,34,112.77730486626434,zero_sensitivity_only,36,approximate_interval,
NFHS-4,all_narrow,6,chandigarh,observed_private_pct,46.351102393741456,9.12444920347831,27.84586170191625,64.85634308556666,percent,116,34,33.58618398380001,adjust,36,approximate_interval,
NFHS-4,all_narrow,6,chandigarh,observed_private_pct,46.351102393741456,12.90391981274341,20.18074003238377,72.52146475509915,percent,116,34,33.58618398380001,average,36,approximate_interval,
NFHS-4,all_narrow,6,chandigarh,observed_private_pct,46.351102393741456,9.12444920347831,27.84586170191625,64.85634308556666,percent,116,34,33.58618398380001,zero_sensitivity_only,36,approximate_interval,
NFHS-4,all_narrow,6,chandigarh,observed_gap_pp,27.16929413621868,10.638924543009843,5.592555093656742,48.74603317878062,percentage points,116,34,33.58618398380001,adjust,36,approximate_interval,
NFHS-4,all_narrow,6,chandigarh,observed_gap_pp,27.16929413621868,14.988158091132767,-3.2280993741542794,57.566687646591646,percentage points,116,34,33.58618398380001,average,36,approximate_interval,
NFHS-4,all_narrow,6,chandigarh,observed_gap_pp,27.16929413621868,10.598228223736,5.67509105463801,48.66349721779935,percentage points,116,34,33.58618398380001,zero_sensitivity_only,36,approximate_interval,
NFHS-4,first_delivery,6,chandigarh,observed_public_pct,22.088273899150145,6.477317660650028,8.9516648091411,35.22488298915919,percent,48,19,46.813565798416526,adjust,36,approximate_interval,
NFHS-4,first_delivery,6,chandigarh,observed_public_pct,22.088273899150145,9.140012497605714,3.551469383869655,40.62507841443063,percent,48,19,46.813565798416526,average,36,approximate_interval,
NFHS-4,first_delivery,6,chandigarh,observed_public_pct,22.088273899150145,6.462964817186793,8.980773724865898,35.19577407343439,percent,48,19,46.813565798416526,zero_sensitivity_only,36,approximate_interval,
NFHS-4,first_delivery,6,chandigarh,observed_private_pct,66.00279901669602,10.88248449842978,43.93209748966784,88.0735005437242,percent,48,19,18.729538978909297,adjust,36,approximate_interval_sparse,sparse_n_below_30;weight_only_effective_n_below_30
NFHS-4,first_delivery,6,chandigarh,observed_private_pct,66.00279901669602,15.390157169994364,34.79011358608419,97.21548444730784,percent,48,19,18.729538978909297,average,36,approximate_interval_sparse,sparse_n_below_30;weight_only_effective_n_below_30
NFHS-4,first_delivery,6,chandigarh,observed_private_pct,66.00279901669602,10.88248449842978,43.93209748966784,88.0735005437242,percent,48,19,18.729538978909297,zero_sensitivity_only,36,approximate_interval_sparse,sparse_n_below_30;weight_only_effective_n_below_30
NFHS-4,first_delivery,6,chandigarh,observed_gap_pp,43.914525117545864,12.114601133418178,19.344975234589494,68.48407500050223,percentage points,48,19,18.729538978909297,adjust,36,approximate_interval_sparse,sparse_n_below_30;weight_only_effective_n_below_30
NFHS-4,first_delivery,6,chandigarh,observed_gap_pp,43.914525117545864,17.121789087186105,9.189927383771185,78.63912285132054,percentage points,48,19,18.729538978909297,average,36,approximate_interval_sparse,sparse_n_below_30;weight_only_effective_n_below_30
NFHS-4,first_delivery,6,chandigarh,observed_gap_pp,43.914525117545864,12.106933169595122,19.36052658601877,68.46852364907295,percentage points,48,19,18.729538978909297,zero_sensitivity_only,36,approximate_interval_sparse,sparse_n_below_30;weight_only_effective_n_below_30
NFHS-4,all_narrow,7,chhattisgarh,observed_public_pct,14.483489428362923,1.4018999392098201,11.732005718488967,17.234973138236878,percent,1466,1139,897.1699666440627,adjust,874,approximate_interval,
NFHS-4,all_narrow,7,chhattisgarh,observed_public_pct,14.483489428362923,1.4018999392098201,11.732005718488967,17.234973138236878,percent,1466,1139,897.1699666440627,average,874,approximate_interval,
NFHS-4,all_narrow,7,chhattisgarh,observed_public_pct,14.483489428362923,1.4018999392098201,11.732005718488967,17.234973138236878,percent,1466,1139,897.1699666440627,zero_sensitivity_only,874,approximate_interval,
NFHS-4,all_narrow,7,chhattisgarh,observed_private_pct,48.34081061459053,1.9661579391099575,44.48186791176849,52.19975331741257,percent,1466,1139,807.0844201912906,adjust,874,approximate_interval,
NFHS-4,all_narrow,7,chhattisgarh,observed_private_pct,48.34081061459053,1.9661579391099575,44.48186791176849,52.19975331741257,percent,1466,1139,807.0844201912906,average,874,approximate_interval,
NFHS-4,all_narrow,7,chhattisgarh,observed_private_pct,48.34081061459053,1.9661579391099575,44.48186791176849,52.19975331741257,percent,1466,1139,807.0844201912906,zero_sensitivity_only,874,approximate_interval,
NFHS-4,all_narrow,7,chhattisgarh,observed_gap_pp,33.85732118622761,2.5344622259032037,28.88297791619781,38.83166445625741,percentage points,1466,1139,807.0844201912906,adjust,874,approximate_interval,
NFHS-4,all_narrow,7,chhattisgarh,observed_gap_pp,33.85732118622761,2.5344622259032037,28.88297791619781,38.83166445625741,percentage points,1466,1139,807.0844201912906,average,874,approximate_interval,
NFHS-4,all_narrow,7,chhattisgarh,observed_gap_pp,33.85732118622761,2.5344622259032037,28.88297791619781,38.83166445625741,percentage points,1466,1139,807.0844201912906,zero_sensitivity_only,874,approximate_interval,
NFHS-4,first_delivery,7,chhattisgarh,observed_public_pct,17.73550572211195,1.9030654500559838,14.000393508893366,21.47061793533053,percent,667,603,405.6932409855745,adjust,874,approximate_interval,
NFHS-4,first_delivery,7,chhattisgarh,observed_public_pct,17.73550572211195,1.9030654500559838,14.000393508893366,21.47061793533053,percent,667,603,405.6932409855745,average,874,approximate_interval,
NFHS-4,first_delivery,7,chhattisgarh,observed_public_pct,17.73550572211195,1.9030654500559838,14.000393508893366,21.47061793533053,percent,667,603,405.6932409855745,zero_sensitivity_only,874,approximate_interval,
NFHS-4,first_delivery,7,chhattisgarh,observed_private_pct,50.23018007433217,2.589040167157628,45.14871766399864,55.3116424846657,percent,667,603,423.684412966966,adjust,874,approximate_interval,
NFHS-4,first_delivery,7,chhattisgarh,observed_private_pct,50.23018007433217,2.589040167157628,45.14871766399864,55.3116424846657,percent,667,603,423.684412966966,average,874,approximate_interval,
NFHS-4,first_delivery,7,chhattisgarh,observed_private_pct,50.23018007433217,2.589040167157628,45.14871766399864,55.3116424846657,percent,667,603,423.684412966966,zero_sensitivity_only,874,approximate_interval,
NFHS-4,first_delivery,7,chhattisgarh,observed_gap_pp,32.494674352220215,3.3109556022722386,25.996321546168417,38.993027158272014,percentage points,667,603,405.6932409855745,adjust,874,approximate_interval,
NFHS-4,first_delivery,7,chhattisgarh,observed_gap_pp,32.494674352220215,3.3109556022722386,25.996321546168417,38.993027158272014,percentage points,667,603,405.6932409855745,average,874,approximate_interval,
NFHS-4,first_delivery,7,chhattisgarh,observed_gap_pp,32.494674352220215,3.3109556022722386,25.996321546168417,38.993027158272014,percentage points,667,603,405.6932409855745,zero_sensitivity_only,874,approximate_interval,
NFHS-4,all_narrow,8,dadra and nagar haveli,observed_public_pct,18.770654847966483,4.351030479469824,9.928297046189893,27.613012649743073,percent,117,68,114.5211416121822,adjust,34,approximate_interval,
NFHS-4,all_narrow,8,dadra and nagar haveli,observed_public_pct,18.770654847966483,4.351030479469824,9.928297046189893,27.613012649743073,percent,117,68,114.5211416121822,average,34,approximate_interval,
NFHS-4,all_narrow,8,dadra and nagar haveli,observed_public_pct,18.770654847966483,4.351030479469824,9.928297046189893,27.613012649743073,percent,117,68,114.5211416121822,zero_sensitivity_only,34,approximate_interval,
NFHS-4,all_narrow,8,dadra and nagar haveli,observed_private_pct,38.42928957327626,6.809315490217078,24.59109555607051,52.267483590482,percent,117,68,67.0160182346434,adjust,34,approximate_interval,
NFHS-4,all_narrow,8,dadra and nagar haveli,observed_private_pct,38.42928957327626,6.809315490217078,24.59109555607051,52.267483590482,percent,117,68,67.0160182346434,average,34,approximate_interval,
NFHS-4,all_narrow,8,dadra and nagar haveli,observed_private_pct,38.42928957327626,6.809315490217078,24.59109555607051,52.267483590482,percent,117,68,67.0160182346434,zero_sensitivity_only,34,approximate_interval,
NFHS-4,all_narrow,8,dadra and nagar haveli,observed_gap_pp,19.658634725309774,7.64274079031359,4.126716718056418,35.190552732563134,percentage points,117,68,67.0160182346434,adjust,34,approximate_interval,
NFHS-4,all_narrow,8,dadra and nagar haveli,observed_gap_pp,19.658634725309774,7.64274079031359,4.126716718056418,35.190552732563134,percentage points,117,68,67.0160182346434,average,34,approximate_interval,
NFHS-4,all_narrow,8,dadra and nagar haveli,observed_gap_pp,19.658634725309774,7.64274079031359,4.126716718056418,35.190552732563134,percentage points,117,68,67.0160182346434,zero_sensitivity_only,34,approximate_interval,
NFHS-4,first_delivery,8,dadra and nagar haveli,observed_public_pct,30.276586572394976,6.669922126568128,16.721673953100137,43.831499191689815,percent,51,46,50.08405119076696,adjust,34,approximate_interval,
NFHS-4,first_delivery,8,dadra and nagar haveli,observed_public_pct,30.276586572394976,6.669922126568128,16.721673953100137,43.831499191689815,percent,51,46,50.08405119076696,average,34,approximate_interval,
NFHS-4,first_delivery,8,dadra and nagar haveli,observed_public_pct,30.276586572394976,6.669922126568128,16.721673953100137,43.831499191689815,percent,51,46,50.08405119076696,zero_sensitivity_only,34,approximate_interval,
NFHS-4,first_delivery,8,dadra and nagar haveli,observed_private_pct,46.19745966174526,7.176224722421696,31.613616371973702,60.78130295151682,percent,51,46,45.25614856895095,adjust,34,approximate_interval,
NFHS-4,first_delivery,8,dadra and nagar haveli,observed_private_pct,46.19745966174526,7.176224722421696,31.613616371973702,60.78130295151682,percent,51,46,45.25614856895095,average,34,approximate_interval,
NFHS-4,first_delivery,8,dadra and nagar haveli,observed_private_pct,46.19745966174526,7.176224722421696,31.613616371973702,60.78130295151682,percent,51,46,45.25614856895095,zero_sensitivity_only,34,approximate_interval,
NFHS-4,first_delivery,8,dadra and nagar haveli,observed_gap_pp,15.920873089350284,9.637726636875312,-3.665343950744692,35.50709012944526,percentage points,51,46,45.25614856895095,adjust,34,approximate_interval,
NFHS-4,first_delivery,8,dadra and nagar haveli,observed_gap_pp,15.920873089350284,9.637726636875312,-3.665343950744692,35.50709012944526,percentage points,51,46,45.25614856895095,average,34,approximate_interval,
NFHS-4,first_delivery,8,dadra and nagar haveli,observed_gap_pp,15.920873089350284,9.637726636875312,-3.665343950744692,35.50709012944526,percentage points,51,46,45.25614856895095,zero_sensitivity_only,34,approximate_interval,
NFHS-4,all_narrow,9,daman and diu,observed_public_pct,5.003357924114484,3.7634105367231356,-2.506410878132245,12.513126726361213,percent,38,202,32.06470401194863,adjust,68,approximate_interval_outside_bounds,wald_interval_outside_0_100
NFHS-4,all_narrow,9,daman and diu,observed_public_pct,5.003357924114484,3.7634105367231356,-2.506410878132245,12.513126726361213,percent,38,202,32.06470401194863,average,68,approximate_interval_outside_bounds,wald_interval_outside_0_100
NFHS-4,all_narrow,9,daman and diu,observed_public_pct,5.003357924114484,3.7634105367231356,-2.506410878132245,12.513126726361213,percent,38,202,32.06470401194863,zero_sensitivity_only,68,approximate_interval_outside_bounds,wald_interval_outside_0_100
NFHS-4,all_narrow,9,daman and diu,observed_private_pct,26.146015045695627,4.298497096075305,17.568497638635954,34.7235324527553,percent,38,202,123.77700747503835,adjust,68,approximate_interval,
NFHS-4,all_narrow,9,daman and diu,observed_private_pct,26.146015045695627,4.298497096075305,17.568497638635954,34.7235324527553,percent,38,202,123.77700747503835,average,68,approximate_interval,
NFHS-4,all_narrow,9,daman and diu,observed_private_pct,26.146015045695627,4.298497096075305,17.568497638635954,34.7235324527553,percent,38,202,123.77700747503835,zero_sensitivity_only,68,approximate_interval,
NFHS-4,all_narrow,9,daman and diu,observed_gap_pp,21.14265712158114,5.364648688342926,10.437667335956972,31.84764690720531,percentage points,38,202,32.06470401194863,adjust,68,approximate_interval,
NFHS-4,all_narrow,9,daman and diu,observed_gap_pp,21.14265712158114,5.364648688342926,10.437667335956972,31.84764690720531,percentage points,38,202,32.06470401194863,average,68,approximate_interval,
NFHS-4,all_narrow,9,daman and diu,observed_gap_pp,21.14265712158114,5.364648688342926,10.437667335956972,31.84764690720531,percentage points,38,202,32.06470401194863,zero_sensitivity_only,68,approximate_interval,
NFHS-4,first_delivery,9,daman and diu,observed_public_pct,10.830284064881807,7.372374512093252,-3.8810602248655286,25.541628354629143,percent,17,102,15.334780290280058,adjust,68,approximate_interval_outside_bounds,sparse_n_below_30;weight_only_effective_n_below_30;wald_interval_outside_0_100
NFHS-4,first_delivery,9,daman and diu,observed_public_pct,10.830284064881807,7.372374512093252,-3.8810602248655286,25.541628354629143,percent,17,102,15.334780290280058,average,68,approximate_interval_outside_bounds,sparse_n_below_30;weight_only_effective_n_below_30;wald_interval_outside_0_100
NFHS-4,first_delivery,9,daman and diu,observed_public_pct,10.830284064881807,7.372374512093252,-3.8810602248655286,25.541628354629143,percent,17,102,15.334780290280058,zero_sensitivity_only,68,approximate_interval_outside_bounds,sparse_n_below_30;weight_only_effective_n_below_30;wald_interval_outside_0_100
NFHS-4,first_delivery,9,daman and diu,observed_private_pct,27.03535615082578,6.150895440113405,14.761435399605988,39.309276902045575,percent,17,102,62.49182627058271,adjust,68,approximate_interval,
NFHS-4,first_delivery,9,daman and diu,observed_private_pct,27.03535615082578,6.150895440113405,14.761435399605988,39.309276902045575,percent,17,102,62.49182627058271,average,68,approximate_interval,
NFHS-4,first_delivery,9,daman and diu,observed_private_pct,27.03535615082578,6.150895440113405,14.761435399605988,39.309276902045575,percent,17,102,62.49182627058271,zero_sensitivity_only,68,approximate_interval,
NFHS-4,first_delivery,9,daman and diu,observed_gap_pp,16.20507208594397,9.411820802206604,-2.575923913044413,34.986068084932356,percentage points,17,102,15.334780290280058,adjust,68,approximate_interval_sparse,sparse_n_below_30;weight_only_effective_n_below_30
NFHS-4,first_delivery,9,daman and diu,observed_gap_pp,16.20507208594397,9.411820802206604,-2.575923913044413,34.986068084932356,percentage points,17,102,15.334780290280058,average,68,approximate_interval_sparse,sparse_n_below_30;weight_only_effective_n_below_30
NFHS-4,first_delivery,9,daman and diu,observed_gap_pp,16.20507208594397,9.411820802206604,-2.575923913044413,34.986068084932356,percentage points,17,102,15.334780290280058,zero_sensitivity_only,68,approximate_interval_sparse,sparse_n_below_30;weight_only_effective_n_below_30
NFHS-4,all_narrow,25,delhi,observed_public_pct,26.91086476248784,6.696065053511398,13.7352125102436,40.08651701473208,percent,862,435,245.17445398918753,adjust,309,approximate_interval,
NFHS-4,all_narrow,25,delhi,observed_public_pct,26.91086476248784,6.9937899376500985,13.149387923877885,40.6723416010978,percent,862,435,245.17445398918753,average,309,approximate_interval,
NFHS-4,all_narrow,25,delhi,observed_public_pct,26.91086476248784,6.696044072259713,13.735253794441677,40.086475730534005,percent,862,435,245.17445398918753,zero_sensitivity_only,309,approximate_interval,
NFHS-4,all_narrow,25,delhi,observed_private_pct,41.684704064518655,2.988393050861958,35.80453006433734,47.56487806469997,percent,862,435,95.77957119129466,adjust,309,approximate_interval,
NFHS-4,all_narrow,25,delhi,observed_private_pct,41.684704064518655,3.121144890259783,35.543318134976786,47.826089994060524,percent,862,435,95.77957119129466,average,309,approximate_interval,
NFHS-4,all_narrow,25,delhi,observed_private_pct,41.684704064518655,2.988268725169897,35.80477469638191,47.5646334326554,percent,862,435,95.77957119129466,zero_sensitivity_only,309,approximate_interval,
NFHS-4,all_narrow,25,delhi,observed_gap_pp,14.773839302030817,8.170465067175737,-1.3029469304692558,30.85062553453089,percentage points,862,435,95.77957119129466,adjust,309,approximate_interval,
NFHS-4,all_narrow,25,delhi,observed_gap_pp,14.773839302030817,8.533765399681755,-2.017802417381505,31.56548102144314,percentage points,862,435,95.77957119129466,average,309,approximate_interval,
NFHS-4,all_narrow,25,delhi,observed_gap_pp,14.773839302030817,8.170458324888415,-1.3029336638667903,30.850612267928426,percentage points,862,435,95.77957119129466,zero_sensitivity_only,309,approximate_interval,
NFHS-4,first_delivery,25,delhi,observed_public_pct,34.174644328245165,9.385290057528191,15.70748233142567,52.641806325064664,percent,359,208,80.80969756514106,adjust,309,approximate_interval,
NFHS-4,first_delivery,25,delhi,observed_public_pct,34.174644328245165,9.802424534815078,14.88669896519006,53.462589691300266,percent,359,208,80.80969756514106,average,309,approximate_interval,
NFHS-4,first_delivery,25,delhi,observed_public_pct,34.174644328245165,9.385106971367769,15.707842584733044,52.64144607175729,percent,359,208,80.80969756514106,zero_sensitivity_only,309,approximate_interval,
NFHS-4,first_delivery,25,delhi,observed_private_pct,37.8942894479444,6.0023245323814685,26.083690221119234,49.70488867476957,percent,359,208,52.513501391130646,adjust,309,approximate_interval,
NFHS-4,first_delivery,25,delhi,observed_private_pct,37.8942894479444,6.269223509294078,25.558520874916983,50.230058020971825,percent,359,208,52.513501391130646,average,309,approximate_interval,
NFHS-4,first_delivery,25,delhi,observed_private_pct,37.8942894479444,6.0023245323814685,26.083690221119234,49.70488867476957,percent,359,208,52.513501391130646,zero_sensitivity_only,309,approximate_interval,
NFHS-4,first_delivery,25,delhi,observed_gap_pp,3.719645119699233,14.220250777494522,-24.26112831763797,31.700418557036436,percentage points,359,208,52.513501391130646,adjust,309,approximate_interval,
NFHS-4,first_delivery,25,delhi,observed_gap_pp,3.719645119699233,14.852441326409927,-25.50507125473605,32.94436149413451,percentage points,359,208,52.513501391130646,average,309,approximate_interval,
NFHS-4,first_delivery,25,delhi,observed_gap_pp,3.719645119699233,14.220129942265364,-24.26089055367563,31.700180793074097,percentage points,359,208,52.513501391130646,zero_sensitivity_only,309,approximate_interval,
NFHS-4,all_narrow,10,goa,observed_public_pct,20.559649760869824,3.9831416524331553,12.611414343955335,28.507885177784313,percent,162,156,134.28915768976276,adjust,68,approximate_interval,
NFHS-4,all_narrow,10,goa,observed_public_pct,20.559649760869824,3.9831416524331553,12.611414343955335,28.507885177784313,percent,162,156,134.28915768976276,average,68,approximate_interval,
NFHS-4,all_narrow,10,goa,observed_public_pct,20.559649760869824,3.9831416524331553,12.611414343955335,28.507885177784313,percent,162,156,134.28915768976276,zero_sensitivity_only,68,approximate_interval,
NFHS-4,all_narrow,10,goa,observed_private_pct,51.109093350523835,4.930227936051601,41.27097667926539,60.94721002178228,percent,162,156,132.94329884233116,adjust,68,approximate_interval,
NFHS-4,all_narrow,10,goa,observed_private_pct,51.109093350523835,4.930227936051601,41.27097667926539,60.94721002178228,percent,162,156,132.94329884233116,average,68,approximate_interval,
NFHS-4,all_narrow,10,goa,observed_private_pct,51.109093350523835,4.930227936051601,41.27097667926539,60.94721002178228,percent,162,156,132.94329884233116,zero_sensitivity_only,68,approximate_interval,
NFHS-4,all_narrow,10,goa,observed_gap_pp,30.54944358965401,6.48416683775737,17.610490118701485,43.48839706060654,percentage points,162,156,132.94329884233116,adjust,68,approximate_interval,
NFHS-4,all_narrow,10,goa,observed_gap_pp,30.54944358965401,6.48416683775737,17.610490118701485,43.48839706060654,percentage points,162,156,132.94329884233116,average,68,approximate_interval,
NFHS-4,all_narrow,10,goa,observed_gap_pp,30.54944358965401,6.48416683775737,17.610490118701485,43.48839706060654,percentage points,162,156,132.94329884233116,zero_sensitivity_only,68,approximate_interval,
NFHS-4,first_delivery,10,goa,observed_public_pct,19.29934425598125,4.785463492893964,9.750100533419605,28.848587978542895,percent,68,88,54.02907353771507,adjust,68,approximate_interval,
NFHS-4,first_delivery,10,goa,observed_public_pct,19.29934425598125,4.785463492893964,9.750100533419605,28.848587978542895,percent,68,88,54.02907353771507,average,68,approximate_interval,
NFHS-4,first_delivery,10,goa,observed_public_pct,19.29934425598125,4.785463492893964,9.750100533419605,28.848587978542895,percent,68,88,54.02907353771507,zero_sensitivity_only,68,approximate_interval,
NFHS-4,first_delivery,10,goa,observed_private_pct,60.360074713091635,6.175869986448623,48.03631803058336,72.68383139559991,percent,68,88,74.60515661360658,adjust,68,approximate_interval,
NFHS-4,first_delivery,10,goa,observed_private_pct,60.360074713091635,6.175869986448623,48.03631803058336,72.68383139559991,percent,68,88,74.60515661360658,average,68,approximate_interval,
NFHS-4,first_delivery,10,goa,observed_private_pct,60.360074713091635,6.175869986448623,48.03631803058336,72.68383139559991,percent,68,88,74.60515661360658,zero_sensitivity_only,68,approximate_interval,
NFHS-4,first_delivery,10,goa,observed_gap_pp,41.06073045711039,8.329288759498919,24.439893516622472,57.6815673975983,percentage points,68,88,54.02907353771507,adjust,68,approximate_interval,
NFHS-4,first_delivery,10,goa,observed_gap_pp,41.06073045711039,8.329288759498919,24.439893516622472,57.6815673975983,percentage points,68,88,54.02907353771507,average,68,approximate_interval,
NFHS-4,first_delivery,10,goa,observed_gap_pp,41.06073045711039,8.329288759498919,24.439893516622472,57.6815673975983,percentage points,68,88,54.02907353771507,zero_sensitivity_only,68,approximate_interval,
NFHS-4,all_narrow,11,gujarat,observed_public_pct,15.007907282823247,1.7688969891587734,11.536179546589201,18.479635019057294,percent,1070,3726,595.2213027416105,adjust,884,approximate_interval,
NFHS-4,all_narrow,11,gujarat,observed_public_pct,15.007907282823247,1.7688969891587734,11.536179546589201,18.479635019057294,percent,1070,3726,595.2213027416105,average,884,approximate_interval,
NFHS-4,all_narrow,11,gujarat,observed_public_pct,15.007907282823247,1.7688969891587734,11.536179546589201,18.479635019057294,percent,1070,3726,595.2213027416105,zero_sensitivity_only,884,approximate_interval,
NFHS-4,all_narrow,11,gujarat,observed_private_pct,26.56320577365304,1.0907650686745531,24.422414441064717,28.70399710624136,percent,1070,3726,2384.5103067918376,adjust,884,approximate_interval,
NFHS-4,all_narrow,11,gujarat,observed_private_pct,26.56320577365304,1.0907650686745531,24.422414441064717,28.70399710624136,percent,1070,3726,2384.5103067918376,average,884,approximate_interval,
NFHS-4,all_narrow,11,gujarat,observed_private_pct,26.56320577365304,1.0907650686745531,24.422414441064717,28.70399710624136,percent,1070,3726,2384.5103067918376,zero_sensitivity_only,884,approximate_interval,
NFHS-4,all_narrow,11,gujarat,observed_gap_pp,11.555298490829792,1.9742235222998314,7.680586395156256,15.430010586503327,percentage points,1070,3726,595.2213027416105,adjust,884,approximate_interval,
NFHS-4,all_narrow,11,gujarat,observed_gap_pp,11.555298490829792,1.9742235222998314,7.680586395156256,15.430010586503327,percentage points,1070,3726,595.2213027416105,average,884,approximate_interval,
NFHS-4,all_narrow,11,gujarat,observed_gap_pp,11.555298490829792,1.9742235222998314,7.680586395156256,15.430010586503327,percentage points,1070,3726,595.2213027416105,zero_sensitivity_only,884,approximate_interval,
NFHS-4,first_delivery,11,gujarat,observed_public_pct,20.920767377039688,3.43969813706181,14.169839821676998,27.671694932402378,percent,453,1747,236.69441244470417,adjust,884,approximate_interval,
NFHS-4,first_delivery,11,gujarat,observed_public_pct,20.920767377039688,3.43969813706181,14.169839821676998,27.671694932402378,percent,453,1747,236.69441244470417,average,884,approximate_interval,
NFHS-4,first_delivery,11,gujarat,observed_public_pct,20.920767377039688,3.43969813706181,14.169839821676998,27.671694932402378,percent,453,1747,236.69441244470417,zero_sensitivity_only,884,approximate_interval,
NFHS-4,first_delivery,11,gujarat,observed_private_pct,31.21302545167206,1.538055223086025,28.194359576511754,34.23169132683236,percent,453,1747,1088.0580722701748,adjust,884,approximate_interval,
NFHS-4,first_delivery,11,gujarat,observed_private_pct,31.21302545167206,1.538055223086025,28.194359576511754,34.23169132683236,percent,453,1747,1088.0580722701748,average,884,approximate_interval,
NFHS-4,first_delivery,11,gujarat,observed_private_pct,31.21302545167206,1.538055223086025,28.194359576511754,34.23169132683236,percent,453,1747,1088.0580722701748,zero_sensitivity_only,884,approximate_interval,
NFHS-4,first_delivery,11,gujarat,observed_gap_pp,10.292258074632374,3.2793782185178006,3.8559825941452877,16.72853355511946,percentage points,453,1747,236.69441244470417,adjust,884,approximate_interval,
NFHS-4,first_delivery,11,gujarat,observed_gap_pp,10.292258074632374,3.2793782185178006,3.8559825941452877,16.72853355511946,percentage points,453,1747,236.69441244470417,average,884,approximate_interval,
NFHS-4,first_delivery,11,gujarat,observed_gap_pp,10.292258074632374,3.2793782185178006,3.8559825941452877,16.72853355511946,percentage points,453,1747,236.69441244470417,zero_sensitivity_only,884,approximate_interval,
NFHS-4,all_narrow,12,haryana,observed_public_pct,11.109106724951047,0.8665792173494457,9.407758648255712,12.810454801646383,percent,2701,2143,2052.767880815153,adjust,714,approximate_interval,
NFHS-4,all_narrow,12,haryana,observed_public_pct,11.109106724951047,0.8665792173494457,9.407758648255712,12.810454801646383,percent,2701,2143,2052.767880815153,average,714,approximate_interval,
NFHS-4,all_narrow,12,haryana,observed_public_pct,11.109106724951047,0.8665792173494457,9.407758648255712,12.810454801646383,percent,2701,2143,2052.767880815153,zero_sensitivity_only,714,approximate_interval,
NFHS-4,all_narrow,12,haryana,observed_private_pct,25.33160703387425,1.2394439540513453,22.89821658880132,27.76499747894718,percent,2701,2143,1608.480153467293,adjust,714,approximate_interval,
NFHS-4,all_narrow,12,haryana,observed_private_pct,25.33160703387425,1.2394439540513453,22.89821658880132,27.76499747894718,percent,2701,2143,1608.480153467293,average,714,approximate_interval,
NFHS-4,all_narrow,12,haryana,observed_private_pct,25.33160703387425,1.2394439540513453,22.89821658880132,27.76499747894718,percent,2701,2143,1608.480153467293,zero_sensitivity_only,714,approximate_interval,
NFHS-4,all_narrow,12,haryana,observed_gap_pp,14.222500308923202,1.4603454527430921,11.3554157105473,17.089584907299106,percentage points,2701,2143,1608.480153467293,adjust,714,approximate_interval,
NFHS-4,all_narrow,12,haryana,observed_gap_pp,14.222500308923202,1.4603454527430921,11.3554157105473,17.089584907299106,percentage points,2701,2143,1608.480153467293,average,714,approximate_interval,
NFHS-4,all_narrow,12,haryana,observed_gap_pp,14.222500308923202,1.4603454527430921,11.3554157105473,17.089584907299106,percentage points,2701,2143,1608.480153467293,zero_sensitivity_only,714,approximate_interval,
NFHS-4,first_delivery,12,haryana,observed_public_pct,13.297555162291596,1.27800202344883,10.788463966615456,15.806646357967736,percent,1184,1129,911.3103729232009,adjust,714,approximate_interval,
NFHS-4,first_delivery,12,haryana,observed_public_pct,13.297555162291596,1.27800202344883,10.788463966615456,15.806646357967736,percent,1184,1129,911.3103729232009,average,714,approximate_interval,
NFHS-4,first_delivery,12,haryana,observed_public_pct,13.297555162291596,1.27800202344883,10.788463966615456,15.806646357967736,percent,1184,1129,911.3103729232009,zero_sensitivity_only,714,approximate_interval,
NFHS-4,first_delivery,12,haryana,observed_private_pct,27.151428902420914,1.6490760479034317,23.913811029462536,30.389046775379292,percent,1184,1129,849.8531969510801,adjust,714,approximate_interval,
NFHS-4,first_delivery,12,haryana,observed_private_pct,27.151428902420914,1.6490760479034317,23.913811029462536,30.389046775379292,percent,1184,1129,849.8531969510801,average,714,approximate_interval,
NFHS-4,first_delivery,12,haryana,observed_private_pct,27.151428902420914,1.6490760479034317,23.913811029462536,30.389046775379292,percent,1184,1129,849.8531969510801,zero_sensitivity_only,714,approximate_interval,
NFHS-4,first_delivery,12,haryana,observed_gap_pp,13.85387374012932,1.998296764748515,9.930633614696635,17.777113865562004,percentage points,1184,1129,849.8531969510801,adjust,714,approximate_interval,
NFHS-4,first_delivery,12,haryana,observed_gap_pp,13.85387374012932,1.998296764748515,9.930633614696635,17.777113865562004,percentage points,1184,1129,849.8531969510801,average,714,approximate_interval,
NFHS-4,first_delivery,12,haryana,observed_gap_pp,13.85387374012932,1.998296764748515,9.930633614696635,17.777113865562004,percentage points,1184,1129,849.8531969510801,zero_sensitivity_only,714,approximate_interval,
NFHS-4,all_narrow,13,himachal pradesh,observed_public_pct,18.670376444687694,1.3539880833062035,16.00875156922455,21.332001320150837,percent,1348,410,939.4422276941026,adjust,410,approximate_interval,
NFHS-4,all_narrow,13,himachal pradesh,observed_public_pct,18.670376444687694,1.3539880833062035,16.00875156922455,21.332001320150837,percent,1348,410,939.4422276941026,average,410,approximate_interval,
NFHS-4,all_narrow,13,himachal pradesh,observed_public_pct,18.670376444687694,1.3539880833062035,16.00875156922455,21.332001320150837,percent,1348,410,939.4422276941026,zero_sensitivity_only,410,approximate_interval,
NFHS-4,all_narrow,13,himachal pradesh,observed_private_pct,44.65757755178782,2.8751785005215864,39.00564699734849,50.30950810622714,percent,1348,410,280.5089797638801,adjust,410,approximate_interval,
NFHS-4,all_narrow,13,himachal pradesh,observed_private_pct,44.65757755178782,2.8751785005215864,39.00564699734849,50.30950810622714,percent,1348,410,280.5089797638801,average,410,approximate_interval,
NFHS-4,all_narrow,13,himachal pradesh,observed_private_pct,44.65757755178782,2.8751785005215864,39.00564699734849,50.30950810622714,percent,1348,410,280.5089797638801,zero_sensitivity_only,410,approximate_interval,
NFHS-4,all_narrow,13,himachal pradesh,observed_gap_pp,25.987201107100123,3.2630546858235965,19.572796409698856,32.40160580450139,percentage points,1348,410,280.5089797638801,adjust,410,approximate_interval,
NFHS-4,all_narrow,13,himachal pradesh,observed_gap_pp,25.987201107100123,3.2630546858235965,19.572796409698856,32.40160580450139,percentage points,1348,410,280.5089797638801,average,410,approximate_interval,
NFHS-4,all_narrow,13,himachal pradesh,observed_gap_pp,25.987201107100123,3.2630546858235965,19.572796409698856,32.40160580450139,percentage points,1348,410,280.5089797638801,zero_sensitivity_only,410,approximate_interval,
NFHS-4,first_delivery,13,himachal pradesh,observed_public_pct,20.753659128008195,1.804309650153529,17.206807049251182,24.300511206765208,percent,711,207,493.9549791701947,adjust,410,approximate_interval,
NFHS-4,first_delivery,13,himachal pradesh,observed_public_pct,20.753659128008195,1.804309650153529,17.206807049251182,24.300511206765208,percent,711,207,493.9549791701947,average,410,approximate_interval,
NFHS-4,first_delivery,13,himachal pradesh,observed_public_pct,20.753659128008195,1.804309650153529,17.206807049251182,24.300511206765208,percent,711,207,493.9549791701947,zero_sensitivity_only,410,approximate_interval,
NFHS-4,first_delivery,13,himachal pradesh,observed_private_pct,46.44328133717391,3.4316719893459275,39.697414335914935,53.18914833843288,percent,711,207,137.9678436655449,adjust,410,approximate_interval,
NFHS-4,first_delivery,13,himachal pradesh,observed_private_pct,46.44328133717391,3.4316719893459275,39.697414335914935,53.18914833843288,percent,711,207,137.9678436655449,average,410,approximate_interval,
NFHS-4,first_delivery,13,himachal pradesh,observed_private_pct,46.44328133717391,3.4316719893459275,39.697414335914935,53.18914833843288,percent,711,207,137.9678436655449,zero_sensitivity_only,410,approximate_interval,
NFHS-4,first_delivery,13,himachal pradesh,observed_gap_pp,25.689622209165712,4.079379705422832,17.67051285784845,33.708731560482974,percentage points,711,207,137.9678436655449,adjust,410,approximate_interval,
NFHS-4,first_delivery,13,himachal pradesh,observed_gap_pp,25.689622209165712,4.079379705422832,17.67051285784845,33.708731560482974,percentage points,711,207,137.9678436655449,average,410,approximate_interval,
NFHS-4,first_delivery,13,himachal pradesh,observed_gap_pp,25.689622209165712,4.079379705422832,17.67051285784845,33.708731560482974,percentage points,711,207,137.9678436655449,zero_sensitivity_only,410,approximate_interval,
NFHS-4,all_narrow,14,jammu and kashmir,observed_public_pct,39.8410836872636,1.563836335935696,36.771073083472416,42.91109429105478,percent,4355,477,2556.476635445588,adjust,751,approximate_interval,
NFHS-4,all_narrow,14,jammu and kashmir,observed_public_pct,39.8410836872636,1.563836335935696,36.771073083472416,42.91109429105478,percent,4355,477,2556.476635445588,average,751,approximate_interval,
NFHS-4,all_narrow,14,jammu and kashmir,observed_public_pct,39.8410836872636,1.563836335935696,36.771073083472416,42.91109429105478,percent,4355,477,2556.476635445588,zero_sensitivity_only,751,approximate_interval,
NFHS-4,all_narrow,14,jammu and kashmir,observed_private_pct,75.54521041376697,2.9102111252305534,69.83209401633837,81.25832681119556,percent,4355,477,303.7245926842867,adjust,751,approximate_interval,
NFHS-4,all_narrow,14,jammu and kashmir,observed_private_pct,75.54521041376697,2.9102111252305534,69.83209401633837,81.25832681119556,percent,4355,477,303.7245926842867,average,751,approximate_interval,
NFHS-4,all_narrow,14,jammu and kashmir,observed_private_pct,75.54521041376697,2.9102111252305534,69.83209401633837,81.25832681119556,percent,4355,477,303.7245926842867,zero_sensitivity_only,751,approximate_interval,
NFHS-4,all_narrow,14,jammu and kashmir,observed_gap_pp,35.70412672650337,3.112827911757906,29.593247680355606,41.81500577265113,percentage points,4355,477,303.7245926842867,adjust,751,approximate_interval,
NFHS-4,all_narrow,14,jammu and kashmir,observed_gap_pp,35.70412672650337,3.112827911757906,29.593247680355606,41.81500577265113,percentage points,4355,477,303.7245926842867,average,751,approximate_interval,
NFHS-4,all_narrow,14,jammu and kashmir,observed_gap_pp,35.70412672650337,3.112827911757906,29.593247680355606,41.81500577265113,percentage points,4355,477,303.7245926842867,zero_sensitivity_only,751,approximate_interval,
NFHS-4,first_delivery,14,jammu and kashmir,observed_public_pct,43.03353080811822,2.0270208062959005,39.054229888683864,47.01283172755258,percent,1892,216,1092.9425770125774,adjust,751,approximate_interval,
NFHS-4,first_delivery,14,jammu and kashmir,observed_public_pct,43.03353080811822,2.0270208062959005,39.054229888683864,47.01283172755258,percent,1892,216,1092.9425770125774,average,751,approximate_interval,
NFHS-4,first_delivery,14,jammu and kashmir,observed_public_pct,43.03353080811822,2.0270208062959005,39.054229888683864,47.01283172755258,percent,1892,216,1092.9425770125774,zero_sensitivity_only,751,approximate_interval,
NFHS-4,first_delivery,14,jammu and kashmir,observed_private_pct,79.85368970126162,3.174643955929667,73.62145785960013,86.0859215429231,percent,1892,216,139.10196697488666,adjust,751,approximate_interval,
NFHS-4,first_delivery,14,jammu and kashmir,observed_private_pct,79.85368970126162,3.174643955929667,73.62145785960013,86.0859215429231,percent,1892,216,139.10196697488666,average,751,approximate_interval,
NFHS-4,first_delivery,14,jammu and kashmir,observed_private_pct,79.85368970126162,3.174643955929667,73.62145785960013,86.0859215429231,percent,1892,216,139.10196697488666,zero_sensitivity_only,751,approximate_interval,
NFHS-4,first_delivery,14,jammu and kashmir,observed_gap_pp,36.8201588931434,3.6286803262137566,29.696595625521027,43.94372216076577,percentage points,1892,216,139.10196697488666,adjust,751,approximate_interval,
NFHS-4,first_delivery,14,jammu and kashmir,observed_gap_pp,36.8201588931434,3.6286803262137566,29.696595625521027,43.94372216076577,percentage points,1892,216,139.10196697488666,average,751,approximate_interval,
NFHS-4,first_delivery,14,jammu and kashmir,observed_gap_pp,36.8201588931434,3.6286803262137566,29.696595625521027,43.94372216076577,percentage points,1892,216,139.10196697488666,zero_sensitivity_only,751,approximate_interval,
NFHS-4,all_narrow,15,jharkhand,observed_public_pct,8.798610823807184,0.8251186155646012,7.179705682377727,10.417515965236642,percent,1589,2127,1320.3329972885376,adjust,1151,approximate_interval,
NFHS-4,all_narrow,15,jharkhand,observed_public_pct,8.798610823807184,0.8251186155646012,7.179705682377727,10.417515965236642,percent,1589,2127,1320.3329972885376,average,1151,approximate_interval,
NFHS-4,all_narrow,15,jharkhand,observed_public_pct,8.798610823807184,0.8251186155646012,7.179705682377727,10.417515965236642,percent,1589,2127,1320.3329972885376,zero_sensitivity_only,1151,approximate_interval,
NFHS-4,all_narrow,15,jharkhand,observed_private_pct,39.94268669523159,1.3617645579815656,37.270867634617794,42.61450575584539,percent,1589,2127,1752.5077353954866,adjust,1151,approximate_interval,
NFHS-4,all_narrow,15,jharkhand,observed_private_pct,39.94268669523159,1.3617645579815656,37.270867634617794,42.61450575584539,percent,1589,2127,1752.5077353954866,average,1151,approximate_interval,
NFHS-4,all_narrow,15,jharkhand,observed_private_pct,39.94268669523159,1.3617645579815656,37.270867634617794,42.61450575584539,percent,1589,2127,1752.5077353954866,zero_sensitivity_only,1151,approximate_interval,
NFHS-4,all_narrow,15,jharkhand,observed_gap_pp,31.14407587142441,1.5513217294666366,28.100340490267993,34.18781125258082,percentage points,1589,2127,1320.3329972885376,adjust,1151,approximate_interval,
NFHS-4,all_narrow,15,jharkhand,observed_gap_pp,31.14407587142441,1.5513217294666366,28.100340490267993,34.18781125258082,percentage points,1589,2127,1320.3329972885376,average,1151,approximate_interval,
NFHS-4,all_narrow,15,jharkhand,observed_gap_pp,31.14407587142441,1.5513217294666366,28.100340490267993,34.18781125258082,percentage points,1589,2127,1320.3329972885376,zero_sensitivity_only,1151,approximate_interval,
NFHS-4,first_delivery,15,jharkhand,observed_public_pct,11.92009526209006,1.4171678969605932,9.139573345143138,14.700617179036982,percent,654,1048,545.1934415140129,adjust,1151,approximate_interval,
NFHS-4,first_delivery,15,jharkhand,observed_public_pct,11.92009526209006,1.4171678969605932,9.139573345143138,14.700617179036982,percent,654,1048,545.1934415140129,average,1151,approximate_interval,
NFHS-4,first_delivery,15,jharkhand,observed_public_pct,11.92009526209006,1.4171678969605932,9.139573345143138,14.700617179036982,percent,654,1048,545.1934415140129,zero_sensitivity_only,1151,approximate_interval,
NFHS-4,first_delivery,15,jharkhand,observed_private_pct,42.39283367331651,1.727770894084997,39.0029002372221,45.78276710941092,percent,654,1048,863.1449327256202,adjust,1151,approximate_interval,
NFHS-4,first_delivery,15,jharkhand,observed_private_pct,42.39283367331651,1.727770894084997,39.0029002372221,45.78276710941092,percent,654,1048,863.1449327256202,average,1151,approximate_interval,
NFHS-4,first_delivery,15,jharkhand,observed_private_pct,42.39283367331651,1.727770894084997,39.0029002372221,45.78276710941092,percent,654,1048,863.1449327256202,zero_sensitivity_only,1151,approximate_interval,
NFHS-4,first_delivery,15,jharkhand,observed_gap_pp,30.47273841122645,2.2460623826788093,26.06590299302186,34.87957382943104,percentage points,654,1048,545.1934415140129,adjust,1151,approximate_interval,
NFHS-4,first_delivery,15,jharkhand,observed_gap_pp,30.47273841122645,2.2460623826788093,26.06590299302186,34.87957382943104,percentage points,654,1048,545.1934415140129,average,1151,approximate_interval,
NFHS-4,first_delivery,15,jharkhand,observed_gap_pp,30.47273841122645,2.2460623826788093,26.06590299302186,34.87957382943104,percentage points,654,1048,545.1934415140129,zero_sensitivity_only,1151,approximate_interval,
NFHS-4,all_narrow,16,karnataka,observed_public_pct,17.72377381305382,1.273157182713013,15.22546707817033,20.222080547937313,percent,3007,2253,1318.1928661764434,adjust,1020,approximate_interval,
NFHS-4,all_narrow,16,karnataka,observed_public_pct,17.72377381305382,1.2588286183061503,15.25358391201059,20.193963714097052,percent,3007,2253,1318.1928661764434,average,1020,approximate_interval,
NFHS-4,all_narrow,16,karnataka,observed_public_pct,17.72377381305382,1.2429936657159226,15.28465672001881,20.162890906088833,percent,3007,2253,1318.1928661764434,zero_sensitivity_only,1020,approximate_interval,
NFHS-4,all_narrow,16,karnataka,observed_private_pct,40.45299444563086,1.7083774312902047,37.100658300285204,43.80533059097651,percent,3007,2253,1130.3490668377897,adjust,1020,approximate_interval,
NFHS-4,all_narrow,16,karnataka,observed_private_pct,40.45299444563086,1.6099493795615774,37.2938029236467,43.61218596761501,percent,3007,2253,1130.3490668377897,average,1020,approximate_interval,
NFHS-4,all_narrow,16,karnataka,observed_private_pct,40.45299444563086,1.5896976378015855,37.33354276372229,43.57244612753942,percent,3007,2253,1130.3490668377897,zero_sensitivity_only,1020,approximate_interval,
NFHS-4,all_narrow,16,karnataka,observed_gap_pp,22.72922063257704,1.961747795830665,18.879697732330907,26.57874353282317,percentage points,3007,2253,1130.3490668377897,adjust,1020,approximate_interval,
NFHS-4,all_narrow,16,karnataka,observed_gap_pp,22.72922063257704,1.9205385618658322,18.96056230125581,26.49787896389827,percentage points,3007,2253,1130.3490668377897,average,1020,approximate_interval,
NFHS-4,all_narrow,16,karnataka,observed_gap_pp,22.72922063257704,1.8963798824136835,19.00796869569061,26.450472569463468,percentage points,3007,2253,1130.3490668377897,zero_sensitivity_only,1020,approximate_interval,
NFHS-4,first_delivery,16,karnataka,observed_public_pct,19.4691397826608,1.8187517790962338,15.90021688728435,23.038062678037253,percent,1299,1195,507.1554777218096,adjust,1020,approximate_interval,
NFHS-4,first_delivery,16,karnataka,observed_public_pct,19.4691397826608,1.8143419100092297,15.90887034012553,23.029409225196073,percent,1299,1195,507.1554777218096,average,1020,approximate_interval,
NFHS-4,first_delivery,16,karnataka,observed_public_pct,19.4691397826608,1.7915190906757152,15.953655386327323,22.984624178994277,percent,1299,1195,507.1554777218096,zero_sensitivity_only,1020,approximate_interval,
NFHS-4,first_delivery,16,karnataka,observed_private_pct,45.57830452795406,2.1419494287553813,41.37517332286887,49.78143573303925,percent,1299,1195,577.3977427840841,adjust,1020,approximate_interval,
NFHS-4,first_delivery,16,karnataka,observed_private_pct,45.57830452795406,2.0065716561740934,41.64082410470921,49.51578495119891,percent,1299,1195,577.3977427840841,average,1020,approximate_interval,
NFHS-4,first_delivery,16,karnataka,observed_private_pct,45.57830452795406,1.9813307563547315,41.69035413200628,49.46625492390184,percent,1299,1195,577.3977427840841,zero_sensitivity_only,1020,approximate_interval,
NFHS-4,first_delivery,16,karnataka,observed_gap_pp,26.109164745293263,2.524337864353921,21.155675597788374,31.062653892798153,percentage points,1299,1195,507.1554777218096,adjust,1020,approximate_interval,
NFHS-4,first_delivery,16,karnataka,observed_gap_pp,26.109164745293263,2.495017742239562,21.21321025222108,31.005119238365445,percentage points,1299,1195,507.1554777218096,average,1020,approximate_interval,
NFHS-4,first_delivery,16,karnataka,observed_gap_pp,26.109164745293263,2.4636326219097575,21.274797037073515,30.94353245351301,percentage points,1299,1195,507.1554777218096,zero_sensitivity_only,1020,approximate_interval,
NFHS-4,all_narrow,17,kerala,observed_public_pct,31.408309065694084,1.873318737557099,27.7272924972624,35.08932563412577,percent,919,1486,742.7340285520021,adjust,475,approximate_interval,
NFHS-4,all_narrow,17,kerala,observed_public_pct,31.408309065694084,1.873318737557099,27.7272924972624,35.08932563412577,percent,919,1486,742.7340285520021,average,475,approximate_interval,
NFHS-4,all_narrow,17,kerala,observed_public_pct,31.408309065694084,1.873318737557099,27.7272924972624,35.08932563412577,percent,919,1486,742.7340285520021,zero_sensitivity_only,475,approximate_interval,
NFHS-4,all_narrow,17,kerala,observed_private_pct,38.59889861255844,1.6658546462638024,35.32554292003361,41.872254305083274,percent,919,1486,1173.355477365325,adjust,475,approximate_interval,
NFHS-4,all_narrow,17,kerala,observed_private_pct,38.59889861255844,1.6658546462638024,35.32554292003361,41.872254305083274,percent,919,1486,1173.355477365325,average,475,approximate_interval,
NFHS-4,all_narrow,17,kerala,observed_private_pct,38.59889861255844,1.6658546462638024,35.32554292003361,41.872254305083274,percent,919,1486,1173.355477365325,zero_sensitivity_only,475,approximate_interval,
NFHS-4,all_narrow,17,kerala,observed_gap_pp,7.190589546864357,2.5550936269380076,2.1699052468086997,12.211273846920013,percentage points,919,1486,742.7340285520021,adjust,475,approximate_interval,
NFHS-4,all_narrow,17,kerala,observed_gap_pp,7.190589546864357,2.5550936269380076,2.1699052468086997,12.211273846920013,percentage points,919,1486,742.7340285520021,average,475,approximate_interval,
NFHS-4,all_narrow,17,kerala,observed_gap_pp,7.190589546864357,2.5550936269380076,2.1699052468086997,12.211273846920013,percentage points,919,1486,742.7340285520021,zero_sensitivity_only,475,approximate_interval,
NFHS-4,first_delivery,17,kerala,observed_public_pct,25.27995389090256,2.2639568591976436,20.831344830498566,29.728562951306557,percent,423,730,344.5718762278164,adjust,475,approximate_interval,
NFHS-4,first_delivery,17,kerala,observed_public_pct,25.27995389090256,2.2639568591976436,20.831344830498566,29.728562951306557,percent,423,730,344.5718762278164,average,475,approximate_interval,
NFHS-4,first_delivery,17,kerala,observed_public_pct,25.27995389090256,2.2639568591976436,20.831344830498566,29.728562951306557,percent,423,730,344.5718762278164,zero_sensitivity_only,475,approximate_interval,
NFHS-4,first_delivery,17,kerala,observed_private_pct,42.011040147859504,2.1873042452325144,37.71305123359636,46.30902906212265,percent,423,730,575.9530574201673,adjust,475,approximate_interval,
NFHS-4,first_delivery,17,kerala,observed_private_pct,42.011040147859504,2.1873042452325144,37.71305123359636,46.30902906212265,percent,423,730,575.9530574201673,average,475,approximate_interval,
NFHS-4,first_delivery,17,kerala,observed_private_pct,42.011040147859504,2.1873042452325144,37.71305123359636,46.30902906212265,percent,423,730,575.9530574201673,zero_sensitivity_only,475,approximate_interval,
NFHS-4,first_delivery,17,kerala,observed_gap_pp,16.73108625695694,3.1768949758151996,10.488580479540254,22.973592034373624,percentage points,423,730,344.5718762278164,adjust,475,approximate_interval,
NFHS-4,first_delivery,17,kerala,observed_gap_pp,16.73108625695694,3.1768949758151996,10.488580479540254,22.973592034373624,percentage points,423,730,344.5718762278164,average,475,approximate_interval,
NFHS-4,first_delivery,17,kerala,observed_gap_pp,16.73108625695694,3.1768949758151996,10.488580479540254,22.973592034373624,percentage points,423,730,344.5718762278164,zero_sensitivity_only,475,approximate_interval,
NFHS-4,all_narrow,18,lakshadweep,observed_public_pct,40.73883898533172,5.422747384899971,29.679072777417268,51.79860519324617,percent,119,107,110.65599798630247,adjust,31,approximate_interval,
NFHS-4,all_narrow,18,lakshadweep,observed_public_pct,40.73883898533172,6.651659079755741,27.17269085132512,54.304987119338314,percent,119,107,110.65599798630247,average,31,approximate_interval,
NFHS-4,all_narrow,18,lakshadweep,observed_public_pct,40.73883898533172,4.703433241436355,31.14612364519443,50.33155432546901,percent,119,107,110.65599798630247,zero_sensitivity_only,31,approximate_interval,
NFHS-4,all_narrow,18,lakshadweep,observed_private_pct,59.854211246360535,6.442726256439574,46.71418441490083,72.99423807782024,percent,119,107,98.50674425504567,adjust,31,approximate_interval,
NFHS-4,all_narrow,18,lakshadweep,observed_private_pct,59.854211246360535,8.041428717417821,43.453609248948666,76.2548132437724,percent,119,107,98.50674425504567,average,31,approximate_interval,
NFHS-4,all_narrow,18,lakshadweep,observed_private_pct,59.854211246360535,5.686148776514384,48.25723435844896,71.45118813427212,percent,119,107,98.50674425504567,zero_sensitivity_only,31,approximate_interval,
NFHS-4,all_narrow,18,lakshadweep,observed_gap_pp,19.115372261028817,6.301206863669343,6.26397613404985,31.966768388007786,percentage points,119,107,98.50674425504567,adjust,31,approximate_interval,
NFHS-4,all_narrow,18,lakshadweep,observed_gap_pp,19.115372261028817,8.886375541199246,0.9914898550247919,37.23925466703284,percentage points,119,107,98.50674425504567,average,31,approximate_interval,
NFHS-4,all_narrow,18,lakshadweep,observed_gap_pp,19.115372261028817,6.283616405352263,6.299852110315809,31.930892411741823,percentage points,119,107,98.50674425504567,zero_sensitivity_only,31,approximate_interval,
NFHS-4,first_delivery,18,lakshadweep,observed_public_pct,45.60899965781226,6.732318476050576,31.878345600484135,59.339653715140386,percent,63,56,58.629592128907674,adjust,31,approximate_interval,
NFHS-4,first_delivery,18,lakshadweep,observed_public_pct,45.60899965781226,8.561454209301731,28.14779867723425,63.070200638390276,percent,63,56,58.629592128907674,average,31,approximate_interval,
NFHS-4,first_delivery,18,lakshadweep,observed_public_pct,45.60899965781226,6.053862328215365,33.26206603678436,57.95593327884016,percent,63,56,58.629592128907674,zero_sensitivity_only,31,approximate_interval,
NFHS-4,first_delivery,18,lakshadweep,observed_private_pct,53.11494297519229,7.665495062076223,37.48106272280256,68.74882322758202,percent,63,56,55.679904836609474,adjust,31,approximate_interval,
NFHS-4,first_delivery,18,lakshadweep,observed_private_pct,53.11494297519229,10.840647079092186,31.00529748974583,75.22458846063876,percent,63,56,55.679904836609474,average,31,approximate_interval,
NFHS-4,first_delivery,18,lakshadweep,observed_private_pct,53.11494297519229,7.665495062076223,37.48106272280256,68.74882322758202,percent,63,56,55.679904836609474,zero_sensitivity_only,31,approximate_interval,
NFHS-4,first_delivery,18,lakshadweep,observed_gap_pp,7.5059433173800265,8.518185826862009,-9.86701121540835,24.878897850168403,percentage points,63,56,55.679904836609474,adjust,31,approximate_interval,
NFHS-4,first_delivery,18,lakshadweep,observed_gap_pp,7.5059433173800265,11.30350625310271,-15.54770967724884,30.559596312008892,percentage points,63,56,55.679904836609474,average,31,approximate_interval,
NFHS-4,first_delivery,18,lakshadweep,observed_gap_pp,7.5059433173800265,7.9927859227534706,-8.795451046243603,23.807337681003656,percentage points,63,56,55.679904836609474,zero_sensitivity_only,31,approximate_interval,
NFHS-4,all_narrow,19,madhya pradesh,observed_public_pct,10.211965783310417,0.5126298258842238,9.206678971306127,11.217252595314706,percent,6103,2440,4772.749268176968,adjust,2209,approximate_interval,
NFHS-4,all_narrow,19,madhya pradesh,observed_public_pct,10.211965783310417,0.5126298258842238,9.206678971306127,11.217252595314706,percent,6103,2440,4772.749268176968,average,2209,approximate_interval,
NFHS-4,all_narrow,19,madhya pradesh,observed_public_pct,10.211965783310417,0.5126298258842238,9.206678971306127,11.217252595314706,percent,6103,2440,4772.749268176968,zero_sensitivity_only,2209,approximate_interval,
NFHS-4,all_narrow,19,madhya pradesh,observed_private_pct,41.62167489081759,1.469651599713893,38.73963155889672,44.503718222738456,percent,6103,2440,1704.7892556062125,adjust,2209,approximate_interval,
NFHS-4,all_narrow,19,madhya pradesh,observed_private_pct,41.62167489081759,1.469651599713893,38.73963155889672,44.503718222738456,percent,6103,2440,1704.7892556062125,average,2209,approximate_interval,
NFHS-4,all_narrow,19,madhya pradesh,observed_private_pct,41.62167489081759,1.469651599713893,38.73963155889672,44.503718222738456,percent,6103,2440,1704.7892556062125,zero_sensitivity_only,2209,approximate_interval,
NFHS-4,all_narrow,19,madhya pradesh,observed_gap_pp,31.409709107507172,1.5140681863370187,28.44056314028908,34.378855074725266,percentage points,6103,2440,1704.7892556062125,adjust,2209,approximate_interval,
NFHS-4,all_narrow,19,madhya pradesh,observed_gap_pp,31.409709107507172,1.5140681863370187,28.44056314028908,34.378855074725266,percentage points,6103,2440,1704.7892556062125,average,2209,approximate_interval,
NFHS-4,all_narrow,19,madhya pradesh,observed_gap_pp,31.409709107507172,1.5140681863370187,28.44056314028908,34.378855074725266,percentage points,6103,2440,1704.7892556062125,zero_sensitivity_only,2209,approximate_interval,
NFHS-4,first_delivery,19,madhya pradesh,observed_public_pct,12.916038510019165,0.7571336608691013,11.431270270318388,14.400806749719942,percent,2565,1291,2076.504856170532,adjust,2209,approximate_interval,
NFHS-4,first_delivery,19,madhya pradesh,observed_public_pct,12.916038510019165,0.7571336608691013,11.431270270318388,14.400806749719942,percent,2565,1291,2076.504856170532,average,2209,approximate_interval,
NFHS-4,first_delivery,19,madhya pradesh,observed_public_pct,12.916038510019165,0.7571336608691013,11.431270270318388,14.400806749719942,percent,2565,1291,2076.504856170532,zero_sensitivity_only,2209,approximate_interval,
NFHS-4,first_delivery,19,madhya pradesh,observed_private_pct,44.47512347940427,1.8352012578737178,40.87622320329977,48.07402375550876,percent,2565,1291,890.4377570892012,adjust,2209,approximate_interval,
NFHS-4,first_delivery,19,madhya pradesh,observed_private_pct,44.47512347940427,1.8352012578737178,40.87622320329977,48.07402375550876,percent,2565,1291,890.4377570892012,average,2209,approximate_interval,
NFHS-4,first_delivery,19,madhya pradesh,observed_private_pct,44.47512347940427,1.8352012578737178,40.87622320329977,48.07402375550876,percent,2565,1291,890.4377570892012,zero_sensitivity_only,2209,approximate_interval,
NFHS-4,first_delivery,19,madhya pradesh,observed_gap_pp,31.559084969385097,1.9525859618292722,27.72998877244435,35.38818116632584,percentage points,2565,1291,890.4377570892012,adjust,2209,approximate_interval,
NFHS-4,first_delivery,19,madhya pradesh,observed_gap_pp,31.559084969385097,1.9525859618292722,27.72998877244435,35.38818116632584,percentage points,2565,1291,890.4377570892012,average,2209,approximate_interval,
NFHS-4,first_delivery,19,madhya pradesh,observed_gap_pp,31.559084969385097,1.9525859618292722,27.72998877244435,35.38818116632584,percentage points,2565,1291,890.4377570892012,zero_sensitivity_only,2209,approximate_interval,
NFHS-4,all_narrow,20,maharashtra,observed_public_pct,15.656374499134152,1.156062820923072,13.388251037026365,17.92449796124194,percent,2765,3564,1155.421503466614,adjust,1203,approximate_interval,
NFHS-4,all_narrow,20,maharashtra,observed_public_pct,15.656374499134152,1.156062820923072,13.388251037026365,17.92449796124194,percent,2765,3564,1155.421503466614,average,1203,approximate_interval,
NFHS-4,all_narrow,20,maharashtra,observed_public_pct,15.656374499134152,1.156062820923072,13.388251037026365,17.92449796124194,percent,2765,3564,1155.421503466614,zero_sensitivity_only,1203,approximate_interval,
NFHS-4,all_narrow,20,maharashtra,observed_private_pct,32.8592122243196,1.3211443203172106,30.267209112110432,35.45121533652877,percent,2765,3564,1728.618449169157,adjust,1203,approximate_interval,
NFHS-4,all_narrow,20,maharashtra,observed_private_pct,32.8592122243196,1.3211443203172106,30.267209112110432,35.45121533652877,percent,2765,3564,1728.618449169157,average,1203,approximate_interval,
NFHS-4,all_narrow,20,maharashtra,observed_private_pct,32.8592122243196,1.3211443203172106,30.267209112110432,35.45121533652877,percent,2765,3564,1728.618449169157,zero_sensitivity_only,1203,approximate_interval,
NFHS-4,all_narrow,20,maharashtra,observed_gap_pp,17.20283772518545,1.6227605042552433,14.01908239072677,20.38659305964413,percentage points,2765,3564,1155.421503466614,adjust,1203,approximate_interval,
NFHS-4,all_narrow,20,maharashtra,observed_gap_pp,17.20283772518545,1.6227605042552433,14.01908239072677,20.38659305964413,percentage points,2765,3564,1155.421503466614,average,1203,approximate_interval,
NFHS-4,all_narrow,20,maharashtra,observed_gap_pp,17.20283772518545,1.6227605042552433,14.01908239072677,20.38659305964413,percentage points,2765,3564,1155.421503466614,zero_sensitivity_only,1203,approximate_interval,
NFHS-4,first_delivery,20,maharashtra,observed_public_pct,19.25258389740303,1.5271959055067108,16.256320371041244,22.24884742376482,percent,1201,1753,510.722518654459,adjust,1203,approximate_interval,
NFHS-4,first_delivery,20,maharashtra,observed_public_pct,19.25258389740303,1.5271959055067108,16.256320371041244,22.24884742376482,percent,1201,1753,510.722518654459,average,1203,approximate_interval,
NFHS-4,first_delivery,20,maharashtra,observed_public_pct,19.25258389740303,1.5271959055067108,16.256320371041244,22.24884742376482,percent,1201,1753,510.722518654459,zero_sensitivity_only,1203,approximate_interval,
NFHS-4,first_delivery,20,maharashtra,observed_private_pct,37.22868030599086,1.6795864331933201,33.93343602789709,40.52392458408464,percent,1201,1753,795.9869672141396,adjust,1203,approximate_interval,
NFHS-4,first_delivery,20,maharashtra,observed_private_pct,37.22868030599086,1.6795864331933201,33.93343602789709,40.52392458408464,percent,1201,1753,795.9869672141396,average,1203,approximate_interval,
NFHS-4,first_delivery,20,maharashtra,observed_private_pct,37.22868030599086,1.6795864331933201,33.93343602789709,40.52392458408464,percent,1201,1753,795.9869672141396,zero_sensitivity_only,1203,approximate_interval,
NFHS-4,first_delivery,20,maharashtra,observed_gap_pp,17.976096408587832,2.2308275345289093,13.599351322242924,22.35284149493274,percentage points,1201,1753,510.722518654459,adjust,1203,approximate_interval,
NFHS-4,first_delivery,20,maharashtra,observed_gap_pp,17.976096408587832,2.2308275345289093,13.599351322242924,22.35284149493274,percentage points,1201,1753,510.722518654459,average,1203,approximate_interval,
NFHS-4,first_delivery,20,maharashtra,observed_gap_pp,17.976096408587832,2.2308275345289093,13.599351322242924,22.35284149493274,percentage points,1201,1753,510.722518654459,zero_sensitivity_only,1203,approximate_interval,
NFHS-4,all_narrow,21,manipur,observed_public_pct,25.600171128115097,1.4213586660513882,22.80786014759937,28.392482108630823,percent,2044,1142,1588.9906201934677,adjust,520,approximate_interval,
NFHS-4,all_narrow,21,manipur,observed_public_pct,25.600171128115097,1.4213586660513882,22.80786014759937,28.392482108630823,percent,2044,1142,1588.9906201934677,average,520,approximate_interval,
NFHS-4,all_narrow,21,manipur,observed_public_pct,25.600171128115097,1.4213586660513882,22.80786014759937,28.392482108630823,percent,2044,1142,1588.9906201934677,zero_sensitivity_only,520,approximate_interval,
NFHS-4,all_narrow,21,manipur,observed_private_pct,46.87416205440877,1.9269105559836956,43.08867593295545,50.659648175862095,percent,2044,1142,915.4411358718485,adjust,520,approximate_interval,
NFHS-4,all_narrow,21,manipur,observed_private_pct,46.87416205440877,1.9269105559836956,43.08867593295545,50.659648175862095,percent,2044,1142,915.4411358718485,average,520,approximate_interval,
NFHS-4,all_narrow,21,manipur,observed_private_pct,46.87416205440877,1.9269105559836956,43.08867593295545,50.659648175862095,percent,2044,1142,915.4411358718485,zero_sensitivity_only,520,approximate_interval,
NFHS-4,all_narrow,21,manipur,observed_gap_pp,21.273990926293678,2.3819326156090592,16.59459735993169,25.953384492655665,percentage points,2044,1142,915.4411358718485,adjust,520,approximate_interval,
NFHS-4,all_narrow,21,manipur,observed_gap_pp,21.273990926293678,2.3819326156090592,16.59459735993169,25.953384492655665,percentage points,2044,1142,915.4411358718485,average,520,approximate_interval,
NFHS-4,all_narrow,21,manipur,observed_gap_pp,21.273990926293678,2.3819326156090592,16.59459735993169,25.953384492655665,percentage points,2044,1142,915.4411358718485,zero_sensitivity_only,520,approximate_interval,
NFHS-4,first_delivery,21,manipur,observed_public_pct,25.30096224652525,1.6404200326437337,22.078297215372967,28.52362727767753,percent,1037,533,804.8752263930534,adjust,520,approximate_interval,
NFHS-4,first_delivery,21,manipur,observed_public_pct,25.30096224652525,1.6404200326437337,22.078297215372967,28.52362727767753,percent,1037,533,804.8752263930534,average,520,approximate_interval,
NFHS-4,first_delivery,21,manipur,observed_public_pct,25.30096224652525,1.6404200326437337,22.078297215372967,28.52362727767753,percent,1037,533,804.8752263930534,zero_sensitivity_only,520,approximate_interval,
NFHS-4,first_delivery,21,manipur,observed_private_pct,49.710141897139266,2.540446068331877,44.71934286699874,54.700940927279795,percent,1037,533,432.7041843843648,adjust,520,approximate_interval,
NFHS-4,first_delivery,21,manipur,observed_private_pct,49.710141897139266,2.540446068331877,44.71934286699874,54.700940927279795,percent,1037,533,432.7041843843648,average,520,approximate_interval,
NFHS-4,first_delivery,21,manipur,observed_private_pct,49.710141897139266,2.540446068331877,44.71934286699874,54.700940927279795,percent,1037,533,432.7041843843648,zero_sensitivity_only,520,approximate_interval,
NFHS-4,first_delivery,21,manipur,observed_gap_pp,24.409179650614014,2.999951474273525,18.51566547807971,30.302693823148317,percentage points,1037,533,432.7041843843648,adjust,520,approximate_interval,
NFHS-4,first_delivery,21,manipur,observed_gap_pp,24.409179650614014,2.999951474273525,18.51566547807971,30.302693823148317,percentage points,1037,533,432.7041843843648,average,520,approximate_interval,
NFHS-4,first_delivery,21,manipur,observed_gap_pp,24.409179650614014,2.999951474273525,18.51566547807971,30.302693823148317,percentage points,1037,533,432.7041843843648,zero_sensitivity_only,520,approximate_interval,
NFHS-4,all_narrow,22,meghalaya,observed_public_pct,16.054345712740464,1.7317126944910604,12.647076269271453,19.461615156209472,percent,806,482,694.7494560411205,adjust,313,approximate_interval,
NFHS-4,all_narrow,22,meghalaya,observed_public_pct,16.054345712740464,1.7317126944910604,12.647076269271453,19.461615156209472,percent,806,482,694.7494560411205,average,313,approximate_interval,
NFHS-4,all_narrow,22,meghalaya,observed_public_pct,16.054345712740464,1.7317126944910604,12.647076269271453,19.461615156209472,percent,806,482,694.7494560411205,zero_sensitivity_only,313,approximate_interval,
NFHS-4,all_narrow,22,meghalaya,observed_private_pct,31.73365258576753,2.571005536474451,26.675014030257266,36.79229114127779,percent,806,482,420.845952125042,adjust,313,approximate_interval,
NFHS-4,all_narrow,22,meghalaya,observed_private_pct,31.73365258576753,2.571005536474451,26.675014030257266,36.79229114127779,percent,806,482,420.845952125042,average,313,approximate_interval,
NFHS-4,all_narrow,22,meghalaya,observed_private_pct,31.73365258576753,2.571005536474451,26.675014030257266,36.79229114127779,percent,806,482,420.845952125042,zero_sensitivity_only,313,approximate_interval,
NFHS-4,all_narrow,22,meghalaya,observed_gap_pp,15.679306873027066,3.073981227544951,9.63102742128494,21.72758632476919,percentage points,806,482,420.845952125042,adjust,313,approximate_interval,
NFHS-4,all_narrow,22,meghalaya,observed_gap_pp,15.679306873027066,3.073981227544951,9.63102742128494,21.72758632476919,percentage points,806,482,420.845952125042,average,313,approximate_interval,
NFHS-4,all_narrow,22,meghalaya,observed_gap_pp,15.679306873027066,3.073981227544951,9.63102742128494,21.72758632476919,percentage points,806,482,420.845952125042,zero_sensitivity_only,313,approximate_interval,
NFHS-4,first_delivery,22,meghalaya,observed_public_pct,19.20836665195682,2.680013429127736,13.935247216958835,24.481486086954803,percent,278,193,233.57231072998079,adjust,313,approximate_interval,
NFHS-4,first_delivery,22,meghalaya,observed_public_pct,19.20836665195682,2.680013429127736,13.935247216958835,24.481486086954803,percent,278,193,233.57231072998079,average,313,approximate_interval,
NFHS-4,first_delivery,22,meghalaya,observed_public_pct,19.20836665195682,2.680013429127736,13.935247216958835,24.481486086954803,percent,278,193,233.57231072998079,zero_sensitivity_only,313,approximate_interval,
NFHS-4,first_delivery,22,meghalaya,observed_private_pct,35.28432508379981,3.306942764117598,28.77767703108092,41.790973136518694,percent,278,193,171.17967093906128,adjust,313,approximate_interval,
NFHS-4,first_delivery,22,meghalaya,observed_private_pct,35.28432508379981,3.306942764117598,28.77767703108092,41.790973136518694,percent,278,193,171.17967093906128,average,313,approximate_interval,
NFHS-4,first_delivery,22,meghalaya,observed_private_pct,35.28432508379981,3.306942764117598,28.77767703108092,41.790973136518694,percent,278,193,171.17967093906128,zero_sensitivity_only,313,approximate_interval,
NFHS-4,first_delivery,22,meghalaya,observed_gap_pp,16.075958431842988,4.254671354452368,7.704586122714664,24.44733074097131,percentage points,278,193,171.17967093906128,adjust,313,approximate_interval,
NFHS-4,first_delivery,22,meghalaya,observed_gap_pp,16.075958431842988,4.254671354452368,7.704586122714664,24.44733074097131,percentage points,278,193,171.17967093906128,average,313,approximate_interval,
NFHS-4,first_delivery,22,meghalaya,observed_gap_pp,16.075958431842988,4.254671354452368,7.704586122714664,24.44733074097131,percentage points,278,193,171.17967093906128,zero_sensitivity_only,313,approximate_interval,
NFHS-4,all_narrow,23,mizoram,observed_public_pct,15.841437861208101,1.752367699086535,12.398737963735915,19.284137758680288,percent,2219,257,694.5040981981955,adjust,513,approximate_interval,
NFHS-4,all_narrow,23,mizoram,observed_public_pct,15.841437861208101,1.752367699086535,12.398737963735915,19.284137758680288,percent,2219,257,694.5040981981955,average,513,approximate_interval,
NFHS-4,all_narrow,23,mizoram,observed_public_pct,15.841437861208101,1.752367699086535,12.398737963735915,19.284137758680288,percent,2219,257,694.5040981981955,zero_sensitivity_only,513,approximate_interval,
NFHS-4,all_narrow,23,mizoram,observed_private_pct,32.41311002141668,5.669157702063608,21.275488248416714,43.55073179441664,percent,2219,257,92.04273212500675,adjust,513,approximate_interval,
NFHS-4,all_narrow,23,mizoram,observed_private_pct,32.41311002141668,5.669157702063608,21.275488248416714,43.55073179441664,percent,2219,257,92.04273212500675,average,513,approximate_interval,
NFHS-4,all_narrow,23,mizoram,observed_private_pct,32.41311002141668,5.669157702063608,21.275488248416714,43.55073179441664,percent,2219,257,92.04273212500675,zero_sensitivity_only,513,approximate_interval,
NFHS-4,all_narrow,23,mizoram,observed_gap_pp,16.57167216020858,5.841515098032026,5.095437212737096,28.04790710768006,percentage points,2219,257,92.04273212500675,adjust,513,approximate_interval,
NFHS-4,all_narrow,23,mizoram,observed_gap_pp,16.57167216020858,5.841515098032026,5.095437212737096,28.04790710768006,percentage points,2219,257,92.04273212500675,average,513,approximate_interval,
NFHS-4,all_narrow,23,mizoram,observed_gap_pp,16.57167216020858,5.841515098032026,5.095437212737096,28.04790710768006,percentage points,2219,257,92.04273212500675,zero_sensitivity_only,513,approximate_interval,
NFHS-4,first_delivery,23,mizoram,observed_public_pct,19.12603758991263,2.471521152512496,14.270489508998743,23.98158567082652,percent,855,105,271.955762177232,adjust,513,approximate_interval,
NFHS-4,first_delivery,23,mizoram,observed_public_pct,19.12603758991263,2.471521152512496,14.270489508998743,23.98158567082652,percent,855,105,271.955762177232,average,513,approximate_interval,
NFHS-4,first_delivery,23,mizoram,observed_public_pct,19.12603758991263,2.471521152512496,14.270489508998743,23.98158567082652,percent,855,105,271.955762177232,zero_sensitivity_only,513,approximate_interval,
NFHS-4,first_delivery,23,mizoram,observed_private_pct,39.324877003792594,9.01186892602404,21.620167972789357,57.02958603479583,percent,855,105,39.89041433306606,adjust,513,approximate_interval,
NFHS-4,first_delivery,23,mizoram,observed_private_pct,39.324877003792594,9.01186892602404,21.620167972789357,57.02958603479583,percent,855,105,39.89041433306606,average,513,approximate_interval,
NFHS-4,first_delivery,23,mizoram,observed_private_pct,39.324877003792594,9.01186892602404,21.620167972789357,57.02958603479583,percent,855,105,39.89041433306606,zero_sensitivity_only,513,approximate_interval,
NFHS-4,first_delivery,23,mizoram,observed_gap_pp,20.198839413879966,9.540484774560328,1.4556121948807395,38.94206663287919,percentage points,855,105,39.89041433306606,adjust,513,approximate_interval,
NFHS-4,first_delivery,23,mizoram,observed_gap_pp,20.198839413879966,9.540484774560328,1.4556121948807395,38.94206663287919,percentage points,855,105,39.89041433306606,average,513,approximate_interval,
NFHS-4,first_delivery,23,mizoram,observed_gap_pp,20.198839413879966,9.540484774560328,1.4556121948807395,38.94206663287919,percentage points,855,105,39.89041433306606,zero_sensitivity_only,513,approximate_interval,
NFHS-4,all_narrow,24,nagaland,observed_public_pct,15.29239468072839,1.6723651410419378,12.00660141726939,18.57818794418739,percent,759,273,612.0216039811296,adjust,496,approximate_interval,
NFHS-4,all_narrow,24,nagaland,observed_public_pct,15.29239468072839,1.6723651410419378,12.00660141726939,18.57818794418739,percent,759,273,612.0216039811296,average,496,approximate_interval,
NFHS-4,all_narrow,24,nagaland,observed_public_pct,15.29239468072839,1.6723651410419378,12.00660141726939,18.57818794418739,percent,759,273,612.0216039811296,zero_sensitivity_only,496,approximate_interval,
NFHS-4,all_narrow,24,nagaland,observed_private_pct,31.402154444514668,3.8995217532032713,23.74053677924558,39.063772109783756,percent,759,273,232.4448491262485,adjust,496,approximate_interval,
NFHS-4,all_narrow,24,nagaland,observed_private_pct,31.402154444514668,3.8995217532032713,23.74053677924558,39.063772109783756,percent,759,273,232.4448491262485,average,496,approximate_interval,
NFHS-4,all_narrow,24,nagaland,observed_private_pct,31.402154444514668,3.8995217532032713,23.74053677924558,39.063772109783756,percent,759,273,232.4448491262485,zero_sensitivity_only,496,approximate_interval,
NFHS-4,all_narrow,24,nagaland,observed_gap_pp,16.109759763786275,4.143191157238758,7.969390618567035,24.250128909005518,percentage points,759,273,232.4448491262485,adjust,496,approximate_interval,
NFHS-4,all_narrow,24,nagaland,observed_gap_pp,16.109759763786275,4.143191157238758,7.969390618567035,24.250128909005518,percentage points,759,273,232.4448491262485,average,496,approximate_interval,
NFHS-4,all_narrow,24,nagaland,observed_gap_pp,16.109759763786275,4.143191157238758,7.969390618567035,24.250128909005518,percentage points,759,273,232.4448491262485,zero_sensitivity_only,496,approximate_interval,
NFHS-4,first_delivery,24,nagaland,observed_public_pct,20.32652603018962,2.4795144680762453,15.454879440630773,25.198172619748465,percent,354,120,282.4993453669121,adjust,496,approximate_interval,
NFHS-4,first_delivery,24,nagaland,observed_public_pct,20.32652603018962,2.4795144680762453,15.454879440630773,25.198172619748465,percent,354,120,282.4993453669121,average,496,approximate_interval,
NFHS-4,first_delivery,24,nagaland,observed_public_pct,20.32652603018962,2.4795144680762453,15.454879440630773,25.198172619748465,percent,354,120,282.4993453669121,zero_sensitivity_only,496,approximate_interval,
NFHS-4,first_delivery,24,nagaland,observed_private_pct,37.243078229719714,5.210111387026818,27.006468725471233,47.47968773396819,percent,354,120,104.13314434040706,adjust,496,approximate_interval,
NFHS-4,first_delivery,24,nagaland,observed_private_pct,37.243078229719714,5.210111387026818,27.006468725471233,47.47968773396819,percent,354,120,104.13314434040706,average,496,approximate_interval,
NFHS-4,first_delivery,24,nagaland,observed_private_pct,37.243078229719714,5.210111387026818,27.006468725471233,47.47968773396819,percent,354,120,104.13314434040706,zero_sensitivity_only,496,approximate_interval,
NFHS-4,first_delivery,24,nagaland,observed_gap_pp,16.9165521995301,5.830214938331013,5.461589106392006,28.371515292668192,percentage points,354,120,104.13314434040706,adjust,496,approximate_interval,
NFHS-4,first_delivery,24,nagaland,observed_gap_pp,16.9165521995301,5.830214938331013,5.461589106392006,28.371515292668192,percentage points,354,120,104.13314434040706,average,496,approximate_interval,
NFHS-4,first_delivery,24,nagaland,observed_gap_pp,16.9165521995301,5.830214938331013,5.461589106392006,28.371515292668192,percentage points,354,120,104.13314434040706,zero_sensitivity_only,496,approximate_interval,
NFHS-4,all_narrow,26,odisha,observed_public_pct,19.654001766333934,1.0434365825526841,17.606996343862654,21.701007188805214,percent,2514,941,1861.5486873221275,adjust,1299,approximate_interval,
NFHS-4,all_narrow,26,odisha,observed_public_pct,19.654001766333934,1.0434365825526841,17.606996343862654,21.701007188805214,percent,2514,941,1861.5486873221275,average,1299,approximate_interval,
NFHS-4,all_narrow,26,odisha,observed_public_pct,19.654001766333934,1.0434365825526841,17.606996343862654,21.701007188805214,percent,2514,941,1861.5486873221275,zero_sensitivity_only,1299,approximate_interval,
NFHS-4,all_narrow,26,odisha,observed_private_pct,52.93271246786103,2.075036489355347,48.86192271737641,57.00350221834565,percent,2514,941,700.0163038773844,adjust,1299,approximate_interval,
NFHS-4,all_narrow,26,odisha,observed_private_pct,52.93271246786103,2.075036489355347,48.86192271737641,57.00350221834565,percent,2514,941,700.0163038773844,average,1299,approximate_interval,
NFHS-4,all_narrow,26,odisha,observed_private_pct,52.93271246786103,2.075036489355347,48.86192271737641,57.00350221834565,percent,2514,941,700.0163038773844,zero_sensitivity_only,1299,approximate_interval,
NFHS-4,all_narrow,26,odisha,observed_gap_pp,33.278710701527096,2.337452159455066,28.693116018363746,37.86430538469045,percentage points,2514,941,700.0163038773844,adjust,1299,approximate_interval,
NFHS-4,all_narrow,26,odisha,observed_gap_pp,33.278710701527096,2.337452159455066,28.693116018363746,37.86430538469045,percentage points,2514,941,700.0163038773844,average,1299,approximate_interval,
NFHS-4,all_narrow,26,odisha,observed_gap_pp,33.278710701527096,2.337452159455066,28.693116018363746,37.86430538469045,percentage points,2514,941,700.0163038773844,zero_sensitivity_only,1299,approximate_interval,
NFHS-4,first_delivery,26,odisha,observed_public_pct,23.496366920242867,1.4728195116034086,20.607001551052875,26.38573228943286,percent,1260,574,946.5392871633094,adjust,1299,approximate_interval,
NFHS-4,first_delivery,26,odisha,observed_public_pct,23.496366920242867,1.4728195116034086,20.607001551052875,26.38573228943286,percent,1260,574,946.5392871633094,average,1299,approximate_interval,
NFHS-4,first_delivery,26,odisha,observed_public_pct,23.496366920242867,1.4728195116034086,20.607001551052875,26.38573228943286,percent,1260,574,946.5392871633094,zero_sensitivity_only,1299,approximate_interval,
NFHS-4,first_delivery,26,odisha,observed_private_pct,56.937121357980736,2.558809636217953,51.9172693727304,61.95697334323107,percent,1260,574,436.71139190599905,adjust,1299,approximate_interval,
NFHS-4,first_delivery,26,odisha,observed_private_pct,56.937121357980736,2.558809636217953,51.9172693727304,61.95697334323107,percent,1260,574,436.71139190599905,average,1299,approximate_interval,
NFHS-4,first_delivery,26,odisha,observed_private_pct,56.937121357980736,2.558809636217953,51.9172693727304,61.95697334323107,percent,1260,574,436.71139190599905,zero_sensitivity_only,1299,approximate_interval,
NFHS-4,first_delivery,26,odisha,observed_gap_pp,33.440754437737866,2.8363023622630696,27.876519473772092,39.00498940170364,percentage points,1260,574,436.71139190599905,adjust,1299,approximate_interval,
NFHS-4,first_delivery,26,odisha,observed_gap_pp,33.440754437737866,2.8363023622630696,27.876519473772092,39.00498940170364,percentage points,1260,574,436.71139190599905,average,1299,approximate_interval,
NFHS-4,first_delivery,26,odisha,observed_gap_pp,33.440754437737866,2.8363023622630696,27.876519473772092,39.00498940170364,percentage points,1260,574,436.71139190599905,zero_sensitivity_only,1299,approximate_interval,
NFHS-4,all_narrow,27,puducherry,observed_public_pct,29.69036357817998,3.5129705801046587,22.745884715120287,36.63484244123968,percent,604,380,258.8865779621194,adjust,142,approximate_interval,
NFHS-4,all_narrow,27,puducherry,observed_public_pct,29.69036357817998,3.5129705801046587,22.745884715120287,36.63484244123968,percent,604,380,258.8865779621194,average,142,approximate_interval,
NFHS-4,all_narrow,27,puducherry,observed_public_pct,29.69036357817998,3.5129705801046587,22.745884715120287,36.63484244123968,percent,604,380,258.8865779621194,zero_sensitivity_only,142,approximate_interval,
NFHS-4,all_narrow,27,puducherry,observed_private_pct,47.519867047679284,6.189271253658081,35.28484759087216,59.75488650448641,percent,604,380,77.50219744530604,adjust,142,approximate_interval,
NFHS-4,all_narrow,27,puducherry,observed_private_pct,47.519867047679284,6.189271253658081,35.28484759087216,59.75488650448641,percent,604,380,77.50219744530604,average,142,approximate_interval,
NFHS-4,all_narrow,27,puducherry,observed_private_pct,47.519867047679284,6.189271253658081,35.28484759087216,59.75488650448641,percent,604,380,77.50219744530604,zero_sensitivity_only,142,approximate_interval,
NFHS-4,all_narrow,27,puducherry,observed_gap_pp,17.829503469499308,6.891143343159531,4.20701555004165,31.451991388956966,percentage points,604,380,77.50219744530604,adjust,142,approximate_interval,
NFHS-4,all_narrow,27,puducherry,observed_gap_pp,17.829503469499308,6.891143343159531,4.20701555004165,31.451991388956966,percentage points,604,380,77.50219744530604,average,142,approximate_interval,
NFHS-4,all_narrow,27,puducherry,observed_gap_pp,17.829503469499308,6.891143343159531,4.20701555004165,31.451991388956966,percentage points,604,380,77.50219744530604,zero_sensitivity_only,142,approximate_interval,
NFHS-4,first_delivery,27,puducherry,observed_public_pct,29.17450740333552,4.072180634061027,21.124575957864856,37.22443884880619,percent,308,186,136.04545865092098,adjust,142,approximate_interval,
NFHS-4,first_delivery,27,puducherry,observed_public_pct,29.17450740333552,4.072180634061027,21.124575957864856,37.22443884880619,percent,308,186,136.04545865092098,average,142,approximate_interval,
NFHS-4,first_delivery,27,puducherry,observed_public_pct,29.17450740333552,4.072180634061027,21.124575957864856,37.22443884880619,percent,308,186,136.04545865092098,zero_sensitivity_only,142,approximate_interval,
NFHS-4,first_delivery,27,puducherry,observed_private_pct,48.09238899332187,6.742155399722642,34.764422078369,61.420355908274736,percent,308,186,40.16348446191074,adjust,142,approximate_interval,
NFHS-4,first_delivery,27,puducherry,observed_private_pct,48.09238899332187,6.742155399722642,34.764422078369,61.420355908274736,percent,308,186,40.16348446191074,average,142,approximate_interval,
NFHS-4,first_delivery,27,puducherry,observed_private_pct,48.09238899332187,6.742155399722642,34.764422078369,61.420355908274736,percent,308,186,40.16348446191074,zero_sensitivity_only,142,approximate_interval,
NFHS-4,first_delivery,27,puducherry,observed_gap_pp,18.91788158998635,7.729419780298887,3.638279593888228,34.19748358608447,percentage points,308,186,40.16348446191074,adjust,142,approximate_interval,
NFHS-4,first_delivery,27,puducherry,observed_gap_pp,18.91788158998635,7.729419780298887,3.638279593888228,34.19748358608447,percentage points,308,186,40.16348446191074,average,142,approximate_interval,
NFHS-4,first_delivery,27,puducherry,observed_gap_pp,18.91788158998635,7.729419780298887,3.638279593888228,34.19748358608447,percentage points,308,186,40.16348446191074,zero_sensitivity_only,142,approximate_interval,
NFHS-4,all_narrow,28,punjab,observed_public_pct,18.175895757519157,1.0840445858177672,16.047418950856287,20.304372564182028,percent,2597,1904,1855.2367856685846,adjust,680,approximate_interval,
NFHS-4,all_narrow,28,punjab,observed_public_pct,18.175895757519157,1.0840445858177672,16.047418950856287,20.304372564182028,percent,2597,1904,1855.2367856685846,average,680,approximate_interval,
NFHS-4,all_narrow,28,punjab,observed_public_pct,18.175895757519157,1.0840445858177672,16.047418950856287,20.304372564182028,percent,2597,1904,1855.2367856685846,zero_sensitivity_only,680,approximate_interval,
NFHS-4,all_narrow,28,punjab,observed_private_pct,39.83109779393955,1.6656780449449335,36.5606076937945,43.101587894084595,percent,2597,1904,1203.7494913284854,adjust,680,approximate_interval,
NFHS-4,all_narrow,28,punjab,observed_private_pct,39.83109779393955,1.6656780449449335,36.5606076937945,43.101587894084595,percent,2597,1904,1203.7494913284854,average,680,approximate_interval,
NFHS-4,all_narrow,28,punjab,observed_private_pct,39.83109779393955,1.6656780449449335,36.5606076937945,43.101587894084595,percent,2597,1904,1203.7494913284854,zero_sensitivity_only,680,approximate_interval,
NFHS-4,all_narrow,28,punjab,observed_gap_pp,21.65520203642039,1.9456507415756705,17.83499710067396,25.475406972166823,percentage points,2597,1904,1203.7494913284854,adjust,680,approximate_interval,
NFHS-4,all_narrow,28,punjab,observed_gap_pp,21.65520203642039,1.9456507415756705,17.83499710067396,25.475406972166823,percentage points,2597,1904,1203.7494913284854,average,680,approximate_interval,
NFHS-4,all_narrow,28,punjab,observed_gap_pp,21.65520203642039,1.9456507415756705,17.83499710067396,25.475406972166823,percentage points,2597,1904,1203.7494913284854,zero_sensitivity_only,680,approximate_interval,
NFHS-4,first_delivery,28,punjab,observed_public_pct,20.715605787426934,1.5435091413597266,17.68498928766557,23.7462222871883,percent,1213,1033,884.2822056315722,adjust,680,approximate_interval,
NFHS-4,first_delivery,28,punjab,observed_public_pct,20.715605787426934,1.5435091413597266,17.68498928766557,23.7462222871883,percent,1213,1033,884.2822056315722,average,680,approximate_interval,
NFHS-4,first_delivery,28,punjab,observed_public_pct,20.715605787426934,1.5435091413597266,17.68498928766557,23.7462222871883,percent,1213,1033,884.2822056315722,zero_sensitivity_only,680,approximate_interval,
NFHS-4,first_delivery,28,punjab,observed_private_pct,41.86282319757401,2.174367370353982,37.593542600160475,46.13210379498754,percent,1213,1033,643.4575919175791,adjust,680,approximate_interval,
NFHS-4,first_delivery,28,punjab,observed_private_pct,41.86282319757401,2.174367370353982,37.593542600160475,46.13210379498754,percent,1213,1033,643.4575919175791,average,680,approximate_interval,
NFHS-4,first_delivery,28,punjab,observed_private_pct,41.86282319757401,2.174367370353982,37.593542600160475,46.13210379498754,percent,1213,1033,643.4575919175791,zero_sensitivity_only,680,approximate_interval,
NFHS-4,first_delivery,28,punjab,observed_gap_pp,21.147217410147075,2.679108042199121,15.886899333780239,26.40753548651391,percentage points,1213,1033,643.4575919175791,adjust,680,approximate_interval,
NFHS-4,first_delivery,28,punjab,observed_gap_pp,21.147217410147075,2.679108042199121,15.886899333780239,26.40753548651391,percentage points,1213,1033,643.4575919175791,average,680,approximate_interval,
NFHS-4,first_delivery,28,punjab,observed_gap_pp,21.147217410147075,2.679108042199121,15.886899333780239,26.40753548651391,percentage points,1213,1033,643.4575919175791,zero_sensitivity_only,680,approximate_interval,
NFHS-4,all_narrow,29,rajasthan,observed_public_pct,13.208510575268912,0.7580810302759435,11.72150079010083,14.695520360436994,percent,3641,3261,3020.072121880132,adjust,1502,approximate_interval,
NFHS-4,all_narrow,29,rajasthan,observed_public_pct,13.208510575268912,0.7580810302759435,11.72150079010083,14.695520360436994,percent,3641,3261,3020.072121880132,average,1502,approximate_interval,
NFHS-4,all_narrow,29,rajasthan,observed_public_pct,13.208510575268912,0.7580810302759435,11.72150079010083,14.695520360436994,percent,3641,3261,3020.072121880132,zero_sensitivity_only,1502,approximate_interval,
NFHS-4,all_narrow,29,rajasthan,observed_private_pct,23.2172129463013,0.9706954886744328,21.313150408881015,25.121275483721583,percent,3641,3261,2755.875421469064,adjust,1502,approximate_interval,
NFHS-4,all_narrow,29,rajasthan,observed_private_pct,23.2172129463013,0.9706954886744328,21.313150408881015,25.121275483721583,percent,3641,3261,2755.875421469064,average,1502,approximate_interval,
NFHS-4,all_narrow,29,rajasthan,observed_private_pct,23.2172129463013,0.9706954886744328,21.313150408881015,25.121275483721583,percent,3641,3261,2755.875421469064,zero_sensitivity_only,1502,approximate_interval,
NFHS-4,all_narrow,29,rajasthan,observed_gap_pp,10.008702371032388,1.217795042943033,7.6199430262347585,12.397461715830019,percentage points,3641,3261,2755.875421469064,adjust,1502,approximate_interval,
NFHS-4,all_narrow,29,rajasthan,observed_gap_pp,10.008702371032388,1.217795042943033,7.6199430262347585,12.397461715830019,percentage points,3641,3261,2755.875421469064,average,1502,approximate_interval,
NFHS-4,all_narrow,29,rajasthan,observed_gap_pp,10.008702371032388,1.217795042943033,7.6199430262347585,12.397461715830019,percentage points,3641,3261,2755.875421469064,zero_sensitivity_only,1502,approximate_interval,
NFHS-4,first_delivery,29,rajasthan,observed_public_pct,16.42596087188001,1.0980014620276337,14.27218198419352,18.579739759566504,percent,1526,1561,1273.7648678136604,adjust,1502,approximate_interval,
NFHS-4,first_delivery,29,rajasthan,observed_public_pct,16.42596087188001,1.0980014620276337,14.27218198419352,18.579739759566504,percent,1526,1561,1273.7648678136604,average,1502,approximate_interval,
NFHS-4,first_delivery,29,rajasthan,observed_public_pct,16.42596087188001,1.0980014620276337,14.27218198419352,18.579739759566504,percent,1526,1561,1273.7648678136604,zero_sensitivity_only,1502,approximate_interval,
NFHS-4,first_delivery,29,rajasthan,observed_private_pct,28.20355619980362,1.2909898342828805,25.67122200403515,30.735890395572092,percent,1526,1561,1305.9382348888341,adjust,1502,approximate_interval,
NFHS-4,first_delivery,29,rajasthan,observed_private_pct,28.20355619980362,1.2909898342828805,25.67122200403515,30.735890395572092,percent,1526,1561,1305.9382348888341,average,1502,approximate_interval,
NFHS-4,first_delivery,29,rajasthan,observed_private_pct,28.20355619980362,1.2909898342828805,25.67122200403515,30.735890395572092,percent,1526,1561,1305.9382348888341,zero_sensitivity_only,1502,approximate_interval,
NFHS-4,first_delivery,29,rajasthan,observed_gap_pp,11.777595327923606,1.7116034183923985,8.420208808767223,15.13498184707999,percentage points,1526,1561,1273.7648678136604,adjust,1502,approximate_interval,
NFHS-4,first_delivery,29,rajasthan,observed_gap_pp,11.777595327923606,1.7116034183923985,8.420208808767223,15.13498184707999,percentage points,1526,1561,1273.7648678136604,average,1502,approximate_interval,
NFHS-4,first_delivery,29,rajasthan,observed_gap_pp,11.777595327923606,1.7116034183923985,8.420208808767223,15.13498184707999,percentage points,1526,1561,1273.7648678136604,zero_sensitivity_only,1502,approximate_interval,
NFHS-4,all_narrow,30,sikkim,observed_public_pct,21.892848609945265,1.9558830619527943,18.035932206136295,25.749765013754235,percent,672,96,523.7638191923177,adjust,199,approximate_interval,
NFHS-4,all_narrow,30,sikkim,observed_public_pct,21.892848609945265,1.9558830619527943,18.035932206136295,25.749765013754235,percent,672,96,523.7638191923177,average,199,approximate_interval,
NFHS-4,all_narrow,30,sikkim,observed_public_pct,21.892848609945265,1.9558830619527943,18.035932206136295,25.749765013754235,percent,672,96,523.7638191923177,zero_sensitivity_only,199,approximate_interval,
NFHS-4,all_narrow,30,sikkim,observed_private_pct,49.37789494306802,6.079639613171477,37.38910982118233,61.36668006495371,percent,672,96,83.68491748331441,adjust,199,approximate_interval,
NFHS-4,all_narrow,30,sikkim,observed_private_pct,49.37789494306802,6.079639613171477,37.38910982118233,61.36668006495371,percent,672,96,83.68491748331441,average,199,approximate_interval,
NFHS-4,all_narrow,30,sikkim,observed_private_pct,49.37789494306802,6.079639613171477,37.38910982118233,61.36668006495371,percent,672,96,83.68491748331441,zero_sensitivity_only,199,approximate_interval,
NFHS-4,all_narrow,30,sikkim,observed_gap_pp,27.48504633312276,6.76666372880756,14.14147951034972,40.8286131558958,percentage points,672,96,83.68491748331441,adjust,199,approximate_interval,
NFHS-4,all_narrow,30,sikkim,observed_gap_pp,27.48504633312276,6.76666372880756,14.14147951034972,40.8286131558958,percentage points,672,96,83.68491748331441,average,199,approximate_interval,
NFHS-4,all_narrow,30,sikkim,observed_gap_pp,27.48504633312276,6.76666372880756,14.14147951034972,40.8286131558958,percentage points,672,96,83.68491748331441,zero_sensitivity_only,199,approximate_interval,
NFHS-4,first_delivery,30,sikkim,observed_public_pct,23.381908564260335,2.6169330873360437,18.221430236819078,28.542386891701593,percent,370,70,288.5959765356695,adjust,199,approximate_interval,
NFHS-4,first_delivery,30,sikkim,observed_public_pct,23.381908564260335,2.6169330873360437,18.221430236819078,28.542386891701593,percent,370,70,288.5959765356695,average,199,approximate_interval,
NFHS-4,first_delivery,30,sikkim,observed_public_pct,23.381908564260335,2.6169330873360437,18.221430236819078,28.542386891701593,percent,370,70,288.5959765356695,zero_sensitivity_only,199,approximate_interval,
NFHS-4,first_delivery,30,sikkim,observed_private_pct,51.589590460045166,6.392321145784134,38.984210943657274,64.19496997643306,percent,370,70,62.832372860244156,adjust,199,approximate_interval,
NFHS-4,first_delivery,30,sikkim,observed_private_pct,51.589590460045166,6.392321145784134,38.984210943657274,64.19496997643306,percent,370,70,62.832372860244156,average,199,approximate_interval,
NFHS-4,first_delivery,30,sikkim,observed_private_pct,51.589590460045166,6.392321145784134,38.984210943657274,64.19496997643306,percent,370,70,62.832372860244156,zero_sensitivity_only,199,approximate_interval,
NFHS-4,first_delivery,30,sikkim,observed_gap_pp,28.20768189578483,7.209102432463077,13.991645175908033,42.42371861566163,percentage points,370,70,62.832372860244156,adjust,199,approximate_interval,
NFHS-4,first_delivery,30,sikkim,observed_gap_pp,28.20768189578483,7.209102432463077,13.991645175908033,42.42371861566163,percentage points,370,70,62.832372860244156,average,199,approximate_interval,
NFHS-4,first_delivery,30,sikkim,observed_gap_pp,28.20768189578483,7.209102432463077,13.991645175908033,42.42371861566163,percentage points,370,70,62.832372860244156,zero_sensitivity_only,199,approximate_interval,
NFHS-4,all_narrow,31,tamil nadu,observed_public_pct,29.116492440182533,1.097830048060987,26.962393162106938,31.270591718258128,percent,3843,2456,2812.5037740483053,adjust,1090,approximate_interval,
NFHS-4,all_narrow,31,tamil nadu,observed_public_pct,29.116492440182533,1.097830048060987,26.962393162106938,31.270591718258128,percent,3843,2456,2812.5037740483053,average,1090,approximate_interval,
NFHS-4,all_narrow,31,tamil nadu,observed_public_pct,29.116492440182533,1.097830048060987,26.962393162106938,31.270591718258128,percent,3843,2456,2812.5037740483053,zero_sensitivity_only,1090,approximate_interval,
NFHS-4,all_narrow,31,tamil nadu,observed_private_pct,51.383835467504824,1.4539232834056963,48.53103042660333,54.23664050840632,percent,3843,2456,1677.325697598314,adjust,1090,approximate_interval,
NFHS-4,all_narrow,31,tamil nadu,observed_private_pct,51.383835467504824,1.4539232834056963,48.53103042660333,54.23664050840632,percent,3843,2456,1677.325697598314,average,1090,approximate_interval,
NFHS-4,all_narrow,31,tamil nadu,observed_private_pct,51.383835467504824,1.4539232834056963,48.53103042660333,54.23664050840632,percent,3843,2456,1677.325697598314,zero_sensitivity_only,1090,approximate_interval,
NFHS-4,all_narrow,31,tamil nadu,observed_gap_pp,22.26734302732229,1.7436995070201498,18.845955667879004,25.688730386765577,percentage points,3843,2456,1677.325697598314,adjust,1090,approximate_interval,
NFHS-4,all_narrow,31,tamil nadu,observed_gap_pp,22.26734302732229,1.7436995070201498,18.845955667879004,25.688730386765577,percentage points,3843,2456,1677.325697598314,average,1090,approximate_interval,
NFHS-4,all_narrow,31,tamil nadu,observed_gap_pp,22.26734302732229,1.7436995070201498,18.845955667879004,25.688730386765577,percentage points,3843,2456,1677.325697598314,zero_sensitivity_only,1090,approximate_interval,
NFHS-4,first_delivery,31,tamil nadu,observed_public_pct,31.78967379267953,1.3722237248875364,29.09717494883823,34.48217263652083,percent,1797,1355,1300.509860657268,adjust,1090,approximate_interval,
NFHS-4,first_delivery,31,tamil nadu,observed_public_pct,31.78967379267953,1.3722237248875364,29.09717494883823,34.48217263652083,percent,1797,1355,1300.509860657268,average,1090,approximate_interval,
NFHS-4,first_delivery,31,tamil nadu,observed_public_pct,31.78967379267953,1.3722237248875364,29.09717494883823,34.48217263652083,percent,1797,1355,1300.509860657268,zero_sensitivity_only,1090,approximate_interval,
NFHS-4,first_delivery,31,tamil nadu,observed_private_pct,51.18007125722557,1.8470122532519415,47.55596954097726,54.80417297347388,percent,1797,1355,913.5986497815719,adjust,1090,approximate_interval,
NFHS-4,first_delivery,31,tamil nadu,observed_private_pct,51.18007125722557,1.8470122532519415,47.55596954097726,54.80417297347388,percent,1797,1355,913.5986497815719,average,1090,approximate_interval,
NFHS-4,first_delivery,31,tamil nadu,observed_private_pct,51.18007125722557,1.8470122532519415,47.55596954097726,54.80417297347388,percent,1797,1355,913.5986497815719,zero_sensitivity_only,1090,approximate_interval,
NFHS-4,first_delivery,31,tamil nadu,observed_gap_pp,19.390397464546037,2.259820190064813,14.956307644726452,23.824487284365624,percentage points,1797,1355,913.5986497815719,adjust,1090,approximate_interval,
NFHS-4,first_delivery,31,tamil nadu,observed_gap_pp,19.390397464546037,2.259820190064813,14.956307644726452,23.824487284365624,percentage points,1797,1355,913.5986497815719,average,1090,approximate_interval,
NFHS-4,first_delivery,31,tamil nadu,observed_gap_pp,19.390397464546037,2.259820190064813,14.956307644726452,23.824487284365624,percentage points,1797,1355,913.5986497815719,zero_sensitivity_only,1090,approximate_interval,
NFHS-4,all_narrow,36,telangana,observed_public_pct,47.97633849911104,3.550829205844634,40.992125022243506,54.96055197597857,percent,409,1347,319.35013152630285,adjust,342,approximate_interval,
NFHS-4,all_narrow,36,telangana,observed_public_pct,47.97633849911104,3.550829205844634,40.992125022243506,54.96055197597857,percent,409,1347,319.35013152630285,average,342,approximate_interval,
NFHS-4,all_narrow,36,telangana,observed_public_pct,47.97633849911104,3.550829205844634,40.992125022243506,54.96055197597857,percent,409,1347,319.35013152630285,zero_sensitivity_only,342,approximate_interval,
NFHS-4,all_narrow,36,telangana,observed_private_pct,74.78518088052726,1.528118429263077,71.77948708079687,77.79087468025766,percent,409,1347,807.748618952608,adjust,342,approximate_interval,
NFHS-4,all_narrow,36,telangana,observed_private_pct,74.78518088052726,1.528118429263077,71.77948708079687,77.79087468025766,percent,409,1347,807.748618952608,average,342,approximate_interval,
NFHS-4,all_narrow,36,telangana,observed_private_pct,74.78518088052726,1.528118429263077,71.77948708079687,77.79087468025766,percent,409,1347,807.748618952608,zero_sensitivity_only,342,approximate_interval,
NFHS-4,all_narrow,36,telangana,observed_gap_pp,26.80884238141623,3.7890628949044833,19.356041190153157,34.261643572679304,percentage points,409,1347,319.35013152630285,adjust,342,approximate_interval,
NFHS-4,all_narrow,36,telangana,observed_gap_pp,26.80884238141623,3.7890628949044833,19.356041190153157,34.261643572679304,percentage points,409,1347,319.35013152630285,average,342,approximate_interval,
NFHS-4,all_narrow,36,telangana,observed_gap_pp,26.80884238141623,3.7890628949044833,19.356041190153157,34.261643572679304,percentage points,409,1347,319.35013152630285,zero_sensitivity_only,342,approximate_interval,
NFHS-4,first_delivery,36,telangana,observed_public_pct,50.72086239350039,4.401580076821533,42.06328606134445,59.37843872565633,percent,151,655,118.54608924607746,adjust,342,approximate_interval,
NFHS-4,first_delivery,36,telangana,observed_public_pct,50.72086239350039,4.401580076821533,42.06328606134445,59.37843872565633,percent,151,655,118.54608924607746,average,342,approximate_interval,
NFHS-4,first_delivery,36,telangana,observed_public_pct,50.72086239350039,4.401580076821533,42.06328606134445,59.37843872565633,percent,151,655,118.54608924607746,zero_sensitivity_only,342,approximate_interval,
NFHS-4,first_delivery,36,telangana,observed_private_pct,78.40823843124623,2.0228721600321,74.42940132502285,82.38707553746961,percent,151,655,414.44086626400576,adjust,342,approximate_interval,
NFHS-4,first_delivery,36,telangana,observed_private_pct,78.40823843124623,2.0228721600321,74.42940132502285,82.38707553746961,percent,151,655,414.44086626400576,average,342,approximate_interval,
NFHS-4,first_delivery,36,telangana,observed_private_pct,78.40823843124623,2.0228721600321,74.42940132502285,82.38707553746961,percent,151,655,414.44086626400576,zero_sensitivity_only,342,approximate_interval,
NFHS-4,first_delivery,36,telangana,observed_gap_pp,27.68737603774585,4.818376998684893,18.20999156781648,37.16476050767522,percentage points,151,655,118.54608924607746,adjust,342,approximate_interval,
NFHS-4,first_delivery,36,telangana,observed_gap_pp,27.68737603774585,4.818376998684893,18.20999156781648,37.16476050767522,percentage points,151,655,118.54608924607746,average,342,approximate_interval,
NFHS-4,first_delivery,36,telangana,observed_gap_pp,27.68737603774585,4.818376998684893,18.20999156781648,37.16476050767522,percentage points,151,655,118.54608924607746,zero_sensitivity_only,342,approximate_interval,
NFHS-4,all_narrow,32,tripura,observed_public_pct,30.32959099528026,2.3704918692798445,25.6550840405583,35.00409795000222,percent,480,132,421.28579785581655,adjust,199,approximate_interval,
NFHS-4,all_narrow,32,tripura,observed_public_pct,30.32959099528026,2.3704918692798445,25.6550840405583,35.00409795000222,percent,480,132,421.28579785581655,average,199,approximate_interval,
NFHS-4,all_narrow,32,tripura,observed_public_pct,30.32959099528026,2.3704918692798445,25.6550840405583,35.00409795000222,percent,480,132,421.28579785581655,zero_sensitivity_only,199,approximate_interval,
NFHS-4,all_narrow,32,tripura,observed_private_pct,74.59988339142755,4.432506939797882,65.85917232405181,83.3405944588033,percent,480,132,116.88452048005699,adjust,199,approximate_interval,
NFHS-4,all_narrow,32,tripura,observed_private_pct,74.59988339142755,4.432506939797882,65.85917232405181,83.3405944588033,percent,480,132,116.88452048005699,average,199,approximate_interval,
NFHS-4,all_narrow,32,tripura,observed_private_pct,74.59988339142755,4.432506939797882,65.85917232405181,83.3405944588033,percent,480,132,116.88452048005699,zero_sensitivity_only,199,approximate_interval,
NFHS-4,all_narrow,32,tripura,observed_gap_pp,44.2702923961473,4.937321136101735,34.53410967073898,54.00647512155562,percentage points,480,132,116.88452048005699,adjust,199,approximate_interval,
NFHS-4,all_narrow,32,tripura,observed_gap_pp,44.2702923961473,4.937321136101735,34.53410967073898,54.00647512155562,percentage points,480,132,116.88452048005699,average,199,approximate_interval,
NFHS-4,all_narrow,32,tripura,observed_gap_pp,44.2702923961473,4.937321136101735,34.53410967073898,54.00647512155562,percentage points,480,132,116.88452048005699,zero_sensitivity_only,199,approximate_interval,
NFHS-4,first_delivery,32,tripura,observed_public_pct,33.540172198825914,2.6855263989345515,28.244430841686082,38.835913555965746,percent,311,92,275.771290893391,adjust,199,approximate_interval,
NFHS-4,first_delivery,32,tripura,observed_public_pct,33.540172198825914,2.6855263989345515,28.244430841686082,38.835913555965746,percent,311,92,275.771290893391,average,199,approximate_interval,
NFHS-4,first_delivery,32,tripura,observed_public_pct,33.540172198825914,2.6855263989345515,28.244430841686082,38.835913555965746,percent,311,92,275.771290893391,zero_sensitivity_only,199,approximate_interval,
NFHS-4,first_delivery,32,tripura,observed_private_pct,73.25180977271405,4.9448364234794955,63.50080722717923,83.00281231824889,percent,311,92,81.0833519527357,adjust,199,approximate_interval,
NFHS-4,first_delivery,32,tripura,observed_private_pct,73.25180977271405,4.9448364234794955,63.50080722717923,83.00281231824889,percent,311,92,81.0833519527357,average,199,approximate_interval,
NFHS-4,first_delivery,32,tripura,observed_private_pct,73.25180977271405,4.9448364234794955,63.50080722717923,83.00281231824889,percent,311,92,81.0833519527357,zero_sensitivity_only,199,approximate_interval,
NFHS-4,first_delivery,32,tripura,observed_gap_pp,39.71163757388815,5.330550826801749,29.200022986509843,50.22325216126645,percentage points,311,92,81.0833519527357,adjust,199,approximate_interval,
NFHS-4,first_delivery,32,tripura,observed_gap_pp,39.71163757388815,5.330550826801749,29.200022986509843,50.22325216126645,percentage points,311,92,81.0833519527357,average,199,approximate_interval,
NFHS-4,first_delivery,32,tripura,observed_gap_pp,39.71163757388815,5.330550826801749,29.200022986509843,50.22325216126645,percentage points,311,92,81.0833519527357,zero_sensitivity_only,199,approximate_interval,
NFHS-4,all_narrow,33,uttar pradesh,observed_public_pct,11.360427262362657,0.7034606108251475,9.981171920587942,12.739682604137373,percent,4711,9676,3683.7310626389726,adjust,3353,approximate_interval,
NFHS-4,all_narrow,33,uttar pradesh,observed_public_pct,11.360427262362657,0.7034606108251475,9.981171920587942,12.739682604137373,percent,4711,9676,3683.7310626389726,average,3353,approximate_interval,
NFHS-4,all_narrow,33,uttar pradesh,observed_public_pct,11.360427262362657,0.7034606108251475,9.981171920587942,12.739682604137373,percent,4711,9676,3683.7310626389726,zero_sensitivity_only,3353,approximate_interval,
NFHS-4,all_narrow,33,uttar pradesh,observed_private_pct,31.772256642727868,0.6414520071826427,30.514579817921707,33.02993346753403,percent,4711,9676,7393.655952582682,adjust,3353,approximate_interval,
NFHS-4,all_narrow,33,uttar pradesh,observed_private_pct,31.772256642727868,0.6414520071826427,30.514579817921707,33.02993346753403,percent,4711,9676,7393.655952582682,average,3353,approximate_interval,
NFHS-4,all_narrow,33,uttar pradesh,observed_private_pct,31.772256642727868,0.6414520071826427,30.514579817921707,33.02993346753403,percent,4711,9676,7393.655952582682,zero_sensitivity_only,3353,approximate_interval,
NFHS-4,all_narrow,33,uttar pradesh,observed_gap_pp,20.411829380365212,0.94542166540659,18.55816783602936,22.265490924701066,percentage points,4711,9676,3683.7310626389726,adjust,3353,approximate_interval,
NFHS-4,all_narrow,33,uttar pradesh,observed_gap_pp,20.411829380365212,0.94542166540659,18.55816783602936,22.265490924701066,percentage points,4711,9676,3683.7310626389726,average,3353,approximate_interval,
NFHS-4,all_narrow,33,uttar pradesh,observed_gap_pp,20.411829380365212,0.94542166540659,18.55816783602936,22.265490924701066,percentage points,4711,9676,3683.7310626389726,zero_sensitivity_only,3353,approximate_interval,
NFHS-4,first_delivery,33,uttar pradesh,observed_public_pct,15.646910015118184,1.1625784211812182,13.367475355990162,17.926344674246206,percent,1718,4214,1316.5056764074448,adjust,3353,approximate_interval,
NFHS-4,first_delivery,33,uttar pradesh,observed_public_pct,15.646910015118184,1.1625784211812182,13.367475355990162,17.926344674246206,percent,1718,4214,1316.5056764074448,average,3353,approximate_interval,
NFHS-4,first_delivery,33,uttar pradesh,observed_public_pct,15.646910015118184,1.1625784211812182,13.367475355990162,17.926344674246206,percent,1718,4214,1316.5056764074448,zero_sensitivity_only,3353,approximate_interval,
NFHS-4,first_delivery,33,uttar pradesh,observed_private_pct,36.6290140638064,0.8862091065068545,34.89144891052052,38.36657921709228,percent,1718,4214,3212.704039148258,adjust,3353,approximate_interval,
NFHS-4,first_delivery,33,uttar pradesh,observed_private_pct,36.6290140638064,0.8862091065068545,34.89144891052052,38.36657921709228,percent,1718,4214,3212.704039148258,average,3353,approximate_interval,
NFHS-4,first_delivery,33,uttar pradesh,observed_private_pct,36.6290140638064,0.8862091065068545,34.89144891052052,38.36657921709228,percent,1718,4214,3212.704039148258,zero_sensitivity_only,3353,approximate_interval,
NFHS-4,first_delivery,33,uttar pradesh,observed_gap_pp,20.982104048688218,1.4338037752109891,18.17088550199967,23.793322595376765,percentage points,1718,4214,1316.5056764074448,adjust,3353,approximate_interval,
NFHS-4,first_delivery,33,uttar pradesh,observed_gap_pp,20.982104048688218,1.4338037752109891,18.17088550199967,23.793322595376765,percentage points,1718,4214,1316.5056764074448,average,3353,approximate_interval,
NFHS-4,first_delivery,33,uttar pradesh,observed_gap_pp,20.982104048688218,1.4338037752109891,18.17088550199967,23.793322595376765,percentage points,1718,4214,1316.5056764074448,zero_sensitivity_only,3353,approximate_interval,
NFHS-4,all_narrow,34,uttarakhand,observed_public_pct,15.342645530317837,1.4032663466416997,12.587382735144116,18.097908325491556,percent,1133,1145,765.9392369042245,adjust,679,approximate_interval,
NFHS-4,all_narrow,34,uttarakhand,observed_public_pct,15.342645530317837,1.4032663466416997,12.587382735144116,18.097908325491556,percent,1133,1145,765.9392369042245,average,679,approximate_interval,
NFHS-4,all_narrow,34,uttarakhand,observed_public_pct,15.342645530317837,1.4032663466416997,12.587382735144116,18.097908325491556,percent,1133,1145,765.9392369042245,zero_sensitivity_only,679,approximate_interval,
NFHS-4,all_narrow,34,uttarakhand,observed_private_pct,36.181988057784295,1.7723982260961155,32.70194814784023,39.66202796772836,percent,1133,1145,890.9704217515152,adjust,679,approximate_interval,
NFHS-4,all_narrow,34,uttarakhand,observed_private_pct,36.181988057784295,1.7723982260961155,32.70194814784023,39.66202796772836,percent,1133,1145,890.9704217515152,average,679,approximate_interval,
NFHS-4,all_narrow,34,uttarakhand,observed_private_pct,36.181988057784295,1.7723982260961155,32.70194814784023,39.66202796772836,percent,1133,1145,890.9704217515152,zero_sensitivity_only,679,approximate_interval,
NFHS-4,all_narrow,34,uttarakhand,observed_gap_pp,20.839342527466457,2.1201183116720244,16.6765667867838,25.002118268149115,percentage points,1133,1145,765.9392369042245,adjust,679,approximate_interval,
NFHS-4,all_narrow,34,uttarakhand,observed_gap_pp,20.839342527466457,2.1201183116720244,16.6765667867838,25.002118268149115,percentage points,1133,1145,765.9392369042245,average,679,approximate_interval,
NFHS-4,all_narrow,34,uttarakhand,observed_gap_pp,20.839342527466457,2.1201183116720244,16.6765667867838,25.002118268149115,percentage points,1133,1145,765.9392369042245,zero_sensitivity_only,679,approximate_interval,
NFHS-4,first_delivery,34,uttarakhand,observed_public_pct,17.330711664830364,2.011813113771555,13.380589268976536,21.280834060684192,percent,488,553,318.6895513089142,adjust,679,approximate_interval,
NFHS-4,first_delivery,34,uttarakhand,observed_public_pct,17.330711664830364,2.011813113771555,13.380589268976536,21.280834060684192,percent,488,553,318.6895513089142,average,679,approximate_interval,
NFHS-4,first_delivery,34,uttarakhand,observed_public_pct,17.330711664830364,2.011813113771555,13.380589268976536,21.280834060684192,percent,488,553,318.6895513089142,zero_sensitivity_only,679,approximate_interval,
NFHS-4,first_delivery,34,uttarakhand,observed_private_pct,41.66092845101584,2.3039890494141955,37.13712915693965,46.18472774509203,percent,488,553,431.57214910590096,adjust,679,approximate_interval,
NFHS-4,first_delivery,34,uttarakhand,observed_private_pct,41.66092845101584,2.3039890494141955,37.13712915693965,46.18472774509203,percent,488,553,431.57214910590096,average,679,approximate_interval,
NFHS-4,first_delivery,34,uttarakhand,observed_private_pct,41.66092845101584,2.3039890494141955,37.13712915693965,46.18472774509203,percent,488,553,431.57214910590096,zero_sensitivity_only,679,approximate_interval,
NFHS-4,first_delivery,34,uttarakhand,observed_gap_pp,24.330216786185474,3.0252603277301033,18.390227384559704,30.270206187811244,percentage points,488,553,318.6895513089142,adjust,679,approximate_interval,
NFHS-4,first_delivery,34,uttarakhand,observed_gap_pp,24.330216786185474,3.0252603277301033,18.390227384559704,30.270206187811244,percentage points,488,553,318.6895513089142,average,679,approximate_interval,
NFHS-4,first_delivery,34,uttarakhand,observed_gap_pp,24.330216786185474,3.0252603277301033,18.390227384559704,30.270206187811244,percentage points,488,553,318.6895513089142,zero_sensitivity_only,679,approximate_interval,
NFHS-4,all_narrow,35,west bengal,observed_public_pct,22.42097294789482,1.2493195601611664,19.96776954595107,24.87417634983857,percent,1938,863,1429.7016099527366,adjust,648,approximate_interval,
NFHS-4,all_narrow,35,west bengal,observed_public_pct,22.42097294789482,1.2493195601611664,19.96776954595107,24.87417634983857,percent,1938,863,1429.7016099527366,average,648,approximate_interval,
NFHS-4,all_narrow,35,west bengal,observed_public_pct,22.42097294789482,1.2493195601611664,19.96776954595107,24.87417634983857,percent,1938,863,1429.7016099527366,zero_sensitivity_only,648,approximate_interval,
NFHS-4,all_narrow,35,west bengal,observed_private_pct,71.2284274385519,1.968214568863747,67.36357906023234,75.09327581687147,percent,1938,863,696.3816036713338,adjust,648,approximate_interval,
NFHS-4,all_narrow,35,west bengal,observed_private_pct,71.2284274385519,1.968214568863747,67.36357906023234,75.09327581687147,percent,1938,863,696.3816036713338,average,648,approximate_interval,
NFHS-4,all_narrow,35,west bengal,observed_private_pct,71.2284274385519,1.968214568863747,67.36357906023234,75.09327581687147,percent,1938,863,696.3816036713338,zero_sensitivity_only,648,approximate_interval,
NFHS-4,all_narrow,35,west bengal,observed_gap_pp,48.80745449065708,2.2916849046334677,44.30742953026608,53.30747945104808,percentage points,1938,863,696.3816036713338,adjust,648,approximate_interval,
NFHS-4,all_narrow,35,west bengal,observed_gap_pp,48.80745449065708,2.2916849046334677,44.30742953026608,53.30747945104808,percentage points,1938,863,696.3816036713338,average,648,approximate_interval,
NFHS-4,all_narrow,35,west bengal,observed_gap_pp,48.80745449065708,2.2916849046334677,44.30742953026608,53.30747945104808,percentage points,1938,863,696.3816036713338,zero_sensitivity_only,648,approximate_interval,
NFHS-4,first_delivery,35,west bengal,observed_public_pct,23.76874690554204,1.5977922347773483,20.63127153819132,26.906222272892762,percent,1057,555,771.3783765346919,adjust,648,approximate_interval,
NFHS-4,first_delivery,35,west bengal,observed_public_pct,23.76874690554204,1.5977922347773483,20.63127153819132,26.906222272892762,percent,1057,555,771.3783765346919,average,648,approximate_interval,
NFHS-4,first_delivery,35,west bengal,observed_public_pct,23.76874690554204,1.5977922347773483,20.63127153819132,26.906222272892762,percent,1057,555,771.3783765346919,zero_sensitivity_only,648,approximate_interval,
NFHS-4,first_delivery,35,west bengal,observed_private_pct,76.55442324469244,1.9813181124108303,72.66384433382356,80.44500215556133,percent,1057,555,450.3399048156405,adjust,648,approximate_interval,
NFHS-4,first_delivery,35,west bengal,observed_private_pct,76.55442324469244,1.9813181124108303,72.66384433382356,80.44500215556133,percent,1057,555,450.3399048156405,average,648,approximate_interval,
NFHS-4,first_delivery,35,west bengal,observed_private_pct,76.55442324469244,1.9813181124108303,72.66384433382356,80.44500215556133,percent,1057,555,450.3399048156405,zero_sensitivity_only,648,approximate_interval,
NFHS-4,first_delivery,35,west bengal,observed_gap_pp,52.78567633915039,2.5350538662669693,47.80776438839656,57.76358828990422,percentage points,1057,555,450.3399048156405,adjust,648,approximate_interval,
NFHS-4,first_delivery,35,west bengal,observed_gap_pp,52.78567633915039,2.5350538662669693,47.80776438839656,57.76358828990422,percentage points,1057,555,450.3399048156405,average,648,approximate_interval,
NFHS-4,first_delivery,35,west bengal,observed_gap_pp,52.78567633915039,2.5350538662669693,47.80776438839656,57.76358828990422,percentage points,1057,555,450.3399048156405,zero_sensitivity_only,648,approximate_interval,
NFHS-5,all_narrow,35,andaman & nicobar islands,observed_public_pct,32.90505690814018,4.442886576207641,24.104553673718755,41.70556014256161,percent,239,33,161.3442783634205,adjust,115,approximate_interval,
NFHS-5,all_narrow,35,andaman & nicobar islands,observed_public_pct,32.90505690814018,4.442886576207641,24.104553673718755,41.70556014256161,percent,239,33,161.3442783634205,average,115,approximate_interval,
NFHS-5,all_narrow,35,andaman & nicobar islands,observed_public_pct,32.90505690814018,4.442886576207641,24.104553673718755,41.70556014256161,percent,239,33,161.3442783634205,zero_sensitivity_only,115,approximate_interval,
NFHS-5,all_narrow,35,andaman & nicobar islands,observed_private_pct,81.19171742724498,6.08973874257634,69.12911700259713,93.25431785189284,percent,239,33,30.239212634926716,adjust,115,approximate_interval,
NFHS-5,all_narrow,35,andaman & nicobar islands,observed_private_pct,81.19171742724498,6.08973874257634,69.12911700259713,93.25431785189284,percent,239,33,30.239212634926716,average,115,approximate_interval,
NFHS-5,all_narrow,35,andaman & nicobar islands,observed_private_pct,81.19171742724498,6.08973874257634,69.12911700259713,93.25431785189284,percent,239,33,30.239212634926716,zero_sensitivity_only,115,approximate_interval,
NFHS-5,all_narrow,35,andaman & nicobar islands,observed_gap_pp,48.2866605191048,7.177215353912948,34.06997822194727,62.50334281626233,percentage points,239,33,30.239212634926716,adjust,115,approximate_interval,
NFHS-5,all_narrow,35,andaman & nicobar islands,observed_gap_pp,48.2866605191048,7.177215353912948,34.06997822194727,62.50334281626233,percentage points,239,33,30.239212634926716,average,115,approximate_interval,
NFHS-5,all_narrow,35,andaman & nicobar islands,observed_gap_pp,48.2866605191048,7.177215353912948,34.06997822194727,62.50334281626233,percentage points,239,33,30.239212634926716,zero_sensitivity_only,115,approximate_interval,
NFHS-5,first_delivery,35,andaman & nicobar islands,observed_public_pct,36.842962593486995,5.273924819825291,26.396332539161982,47.28959264781201,percent,115,19,80.21809260324181,adjust,115,approximate_interval,
NFHS-5,first_delivery,35,andaman & nicobar islands,observed_public_pct,36.842962593486995,5.273924819825291,26.396332539161982,47.28959264781201,percent,115,19,80.21809260324181,average,115,approximate_interval,
NFHS-5,first_delivery,35,andaman & nicobar islands,observed_public_pct,36.842962593486995,5.273924819825291,26.396332539161982,47.28959264781201,percent,115,19,80.21809260324181,zero_sensitivity_only,115,approximate_interval,
NFHS-5,first_delivery,35,andaman & nicobar islands,observed_private_pct,81.69505193510102,9.324533052698722,63.224946547042734,100.1651573231593,percent,115,19,17.113213506376297,adjust,115,approximate_interval_outside_bounds,sparse_n_below_30;weight_only_effective_n_below_30;wald_interval_outside_0_100
NFHS-5,first_delivery,35,andaman & nicobar islands,observed_private_pct,81.69505193510102,9.324533052698722,63.224946547042734,100.1651573231593,percent,115,19,17.113213506376297,average,115,approximate_interval_outside_bounds,sparse_n_below_30;weight_only_effective_n_below_30;wald_interval_outside_0_100
NFHS-5,first_delivery,35,andaman & nicobar islands,observed_private_pct,81.69505193510102,9.324533052698722,63.224946547042734,100.1651573231593,percent,115,19,17.113213506376297,zero_sensitivity_only,115,approximate_interval_outside_bounds,sparse_n_below_30;weight_only_effective_n_below_30;wald_interval_outside_0_100
NFHS-5,first_delivery,35,andaman & nicobar islands,observed_gap_pp,44.85208934161403,10.798584011801152,23.462172697794202,66.24200598543386,percentage points,115,19,17.113213506376297,adjust,115,approximate_interval_sparse,sparse_n_below_30;weight_only_effective_n_below_30
NFHS-5,first_delivery,35,andaman & nicobar islands,observed_gap_pp,44.85208934161403,10.798584011801152,23.462172697794202,66.24200598543386,percentage points,115,19,17.113213506376297,average,115,approximate_interval_sparse,sparse_n_below_30;weight_only_effective_n_below_30
NFHS-5,first_delivery,35,andaman & nicobar islands,observed_gap_pp,44.85208934161403,10.798584011801152,23.462172697794202,66.24200598543386,percentage points,115,19,17.113213506376297,zero_sensitivity_only,115,approximate_interval_sparse,sparse_n_below_30;weight_only_effective_n_below_30
NFHS-5,all_narrow,28,andhra pradesh,observed_public_pct,31.858986721256453,2.3597801673233723,27.22254317682634,36.495430265686565,percent,624,1225,568.0278397914659,adjust,494,approximate_interval,
NFHS-5,all_narrow,28,andhra pradesh,observed_public_pct,31.858986721256453,2.3597801673233723,27.22254317682634,36.495430265686565,percent,624,1225,568.0278397914659,average,494,approximate_interval,
NFHS-5,all_narrow,28,andhra pradesh,observed_public_pct,31.858986721256453,2.3597801673233723,27.22254317682634,36.495430265686565,percent,624,1225,568.0278397914659,zero_sensitivity_only,494,approximate_interval,
NFHS-5,all_narrow,28,andhra pradesh,observed_private_pct,64.07516194864968,1.6967092390901086,60.7415054041601,67.40881849313925,percent,624,1225,1089.52607179924,adjust,494,approximate_interval,
NFHS-5,all_narrow,28,andhra pradesh,observed_private_pct,64.07516194864968,1.6967092390901086,60.7415054041601,67.40881849313925,percent,624,1225,1089.52607179924,average,494,approximate_interval,
NFHS-5,all_narrow,28,andhra pradesh,observed_private_pct,64.07516194864968,1.6967092390901086,60.7415054041601,67.40881849313925,percent,624,1225,1089.52607179924,zero_sensitivity_only,494,approximate_interval,
NFHS-5,all_narrow,28,andhra pradesh,observed_gap_pp,32.21617522739323,2.8725827763644305,26.572188531622814,37.860161923163645,percentage points,624,1225,568.0278397914659,adjust,494,approximate_interval,
NFHS-5,all_narrow,28,andhra pradesh,observed_gap_pp,32.21617522739323,2.8725827763644305,26.572188531622814,37.860161923163645,percentage points,624,1225,568.0278397914659,average,494,approximate_interval,
NFHS-5,all_narrow,28,andhra pradesh,observed_gap_pp,32.21617522739323,2.8725827763644305,26.572188531622814,37.860161923163645,percentage points,624,1225,568.0278397914659,zero_sensitivity_only,494,approximate_interval,
NFHS-5,first_delivery,28,andhra pradesh,observed_public_pct,32.8669847706283,3.1784606183010773,26.622016099812306,39.11195344144429,percent,270,603,248.3557858364852,adjust,494,approximate_interval,
NFHS-5,first_delivery,28,andhra pradesh,observed_public_pct,32.8669847706283,3.1784606183010773,26.622016099812306,39.11195344144429,percent,270,603,248.3557858364852,average,494,approximate_interval,
NFHS-5,first_delivery,28,andhra pradesh,observed_public_pct,32.8669847706283,3.1784606183010773,26.622016099812306,39.11195344144429,percent,270,603,248.3557858364852,zero_sensitivity_only,494,approximate_interval,
NFHS-5,first_delivery,28,andhra pradesh,observed_private_pct,64.48330673006515,2.151416427258541,60.25625162397109,68.71036183615922,percent,270,603,536.5116581105481,adjust,494,approximate_interval,
NFHS-5,first_delivery,28,andhra pradesh,observed_private_pct,64.48330673006515,2.151416427258541,60.25625162397109,68.71036183615922,percent,270,603,536.5116581105481,average,494,approximate_interval,
NFHS-5,first_delivery,28,andhra pradesh,observed_private_pct,64.48330673006515,2.151416427258541,60.25625162397109,68.71036183615922,percent,270,603,536.5116581105481,zero_sensitivity_only,494,approximate_interval,
NFHS-5,first_delivery,28,andhra pradesh,observed_gap_pp,31.61632195943685,3.868605679766309,24.015371634371995,39.2172722845017,percentage points,270,603,248.3557858364852,adjust,494,approximate_interval,
NFHS-5,first_delivery,28,andhra pradesh,observed_gap_pp,31.61632195943685,3.868605679766309,24.015371634371995,39.2172722845017,percentage points,270,603,248.3557858364852,average,494,approximate_interval,
NFHS-5,first_delivery,28,andhra pradesh,observed_gap_pp,31.61632195943685,3.868605679766309,24.015371634371995,39.2172722845017,percentage points,270,603,248.3557858364852,zero_sensitivity_only,494,approximate_interval,
NFHS-5,all_narrow,12,arunachal pradesh,observed_public_pct,19.239175696330413,1.2209768350972245,16.842381174674546,21.63597021798628,percent,2604,213,1832.7604508854802,adjust,779,approximate_interval,
NFHS-5,all_narrow,12,arunachal pradesh,observed_public_pct,19.239175696330413,1.2209768350972245,16.842381174674546,21.63597021798628,percent,2604,213,1832.7604508854802,average,779,approximate_interval,
NFHS-5,all_narrow,12,arunachal pradesh,observed_public_pct,19.239175696330413,1.2209768350972245,16.842381174674546,21.63597021798628,percent,2604,213,1832.7604508854802,zero_sensitivity_only,779,approximate_interval,
NFHS-5,all_narrow,12,arunachal pradesh,observed_private_pct,48.800241021525125,4.22596376614301,40.50461532883848,57.095866714211766,percent,2604,213,158.49682672037213,adjust,779,approximate_interval,
NFHS-5,all_narrow,12,arunachal pradesh,observed_private_pct,48.800241021525125,4.22596376614301,40.50461532883848,57.095866714211766,percent,2604,213,158.49682672037213,average,779,approximate_interval,
NFHS-5,all_narrow,12,arunachal pradesh,observed_private_pct,48.800241021525125,4.22596376614301,40.50461532883848,57.095866714211766,percent,2604,213,158.49682672037213,zero_sensitivity_only,779,approximate_interval,
NFHS-5,all_narrow,12,arunachal pradesh,observed_gap_pp,29.56106532519471,4.391641816633592,20.940211313378796,38.181919337010626,percentage points,2604,213,158.49682672037213,adjust,779,approximate_interval,
NFHS-5,all_narrow,12,arunachal pradesh,observed_gap_pp,29.56106532519471,4.391641816633592,20.940211313378796,38.181919337010626,percentage points,2604,213,158.49682672037213,average,779,approximate_interval,
NFHS-5,all_narrow,12,arunachal pradesh,observed_gap_pp,29.56106532519471,4.391641816633592,20.940211313378796,38.181919337010626,percentage points,2604,213,158.49682672037213,zero_sensitivity_only,779,approximate_interval,
NFHS-5,first_delivery,12,arunachal pradesh,observed_public_pct,20.065689855069145,1.5064314010578288,17.108544047287896,23.022835662850394,percent,1091,111,754.7562093762589,adjust,779,approximate_interval,
NFHS-5,first_delivery,12,arunachal pradesh,observed_public_pct,20.065689855069145,1.5064314010578288,17.108544047287896,23.022835662850394,percent,1091,111,754.7562093762589,average,779,approximate_interval,
NFHS-5,first_delivery,12,arunachal pradesh,observed_public_pct,20.065689855069145,1.5064314010578288,17.108544047287896,23.022835662850394,percent,1091,111,754.7562093762589,zero_sensitivity_only,779,approximate_interval,
NFHS-5,first_delivery,12,arunachal pradesh,observed_private_pct,53.73291456686474,5.389754260356905,43.152751935633376,64.31307719809611,percent,1091,111,83.72626106418981,adjust,779,approximate_interval,
NFHS-5,first_delivery,12,arunachal pradesh,observed_private_pct,53.73291456686474,5.389754260356905,43.152751935633376,64.31307719809611,percent,1091,111,83.72626106418981,average,779,approximate_interval,
NFHS-5,first_delivery,12,arunachal pradesh,observed_private_pct,53.73291456686474,5.389754260356905,43.152751935633376,64.31307719809611,percent,1091,111,83.72626106418981,zero_sensitivity_only,779,approximate_interval,
NFHS-5,first_delivery,12,arunachal pradesh,observed_gap_pp,33.6672247117956,5.497624559859604,22.875311181230536,44.45913824236066,percentage points,1091,111,83.72626106418981,adjust,779,approximate_interval,
NFHS-5,first_delivery,12,arunachal pradesh,observed_gap_pp,33.6672247117956,5.497624559859604,22.875311181230536,44.45913824236066,percentage points,1091,111,83.72626106418981,average,779,approximate_interval,
NFHS-5,first_delivery,12,arunachal pradesh,observed_gap_pp,33.6672247117956,5.497624559859604,22.875311181230536,44.45913824236066,percentage points,1091,111,83.72626106418981,zero_sensitivity_only,779,approximate_interval,
NFHS-5,all_narrow,18,assam,observed_public_pct,23.255931033931834,1.0463672180455146,21.203109193609134,25.308752874254534,percent,3193,894,2438.626604759417,adjust,1255,approximate_interval,
NFHS-5,all_narrow,18,assam,observed_public_pct,23.255931033931834,1.0500172802428769,21.19594829706339,25.31591377080028,percent,3193,894,2438.626604759417,average,1255,approximate_interval,
NFHS-5,all_narrow,18,assam,observed_public_pct,23.255931033931834,1.0460019030864576,21.203825888965806,25.30803617889786,percent,3193,894,2438.626604759417,zero_sensitivity_only,1255,approximate_interval,
NFHS-5,all_narrow,18,assam,observed_private_pct,72.64407434356873,2.0686358063581998,68.58570870507168,76.70243998206578,percent,3193,894,642.1345811153152,adjust,1255,approximate_interval,
NFHS-5,all_narrow,18,assam,observed_private_pct,72.64407434356873,2.075914365388249,68.571429220121,76.71671946701646,percent,3193,894,642.1345811153152,average,1255,approximate_interval,
NFHS-5,all_narrow,18,assam,observed_private_pct,72.64407434356873,2.067975849253034,68.5870034459005,76.70114524123696,percent,3193,894,642.1345811153152,zero_sensitivity_only,1255,approximate_interval,
NFHS-5,all_narrow,18,assam,observed_gap_pp,49.3881433096369,2.2225080725084707,45.02790243735411,53.7483841819197,percentage points,3193,894,642.1345811153152,adjust,1255,approximate_interval,
NFHS-5,all_narrow,18,assam,observed_gap_pp,49.3881433096369,2.2309031126484826,45.01143257720119,53.76485404207261,percentage points,3193,894,642.1345811153152,average,1255,approximate_interval,
NFHS-5,all_narrow,18,assam,observed_gap_pp,49.3881433096369,2.222371903148157,45.02816958203526,53.74811703723854,percentage points,3193,894,642.1345811153152,zero_sensitivity_only,1255,approximate_interval,
NFHS-5,first_delivery,18,assam,observed_public_pct,28.429878771050994,1.4758863990956037,25.534402133740194,31.325355408361794,percent,1598,513,1216.3810593296073,adjust,1255,approximate_interval,
NFHS-5,first_delivery,18,assam,observed_public_pct,28.429878771050994,1.4813285973551713,25.523725324247373,31.336032217854616,percent,1598,513,1216.3810593296073,average,1255,approximate_interval,
NFHS-5,first_delivery,18,assam,observed_public_pct,28.429878771050994,1.4756638400955622,25.53483876245731,31.32491877964468,percent,1598,513,1216.3810593296073,zero_sensitivity_only,1255,approximate_interval,
NFHS-5,first_delivery,18,assam,observed_private_pct,72.11850507716461,2.4368750120452356,67.33770713109831,76.89930302323091,percent,1598,513,378.912638234533,adjust,1255,approximate_interval,
NFHS-5,first_delivery,18,assam,observed_private_pct,72.11850507716461,2.44622965301438,67.3193546722687,76.91765548206052,percent,1598,513,378.912638234533,average,1255,approximate_interval,
NFHS-5,first_delivery,18,assam,observed_private_pct,72.11850507716461,2.4368750120452356,67.33770713109831,76.89930302323091,percent,1598,513,378.912638234533,zero_sensitivity_only,1255,approximate_interval,
NFHS-5,first_delivery,18,assam,observed_gap_pp,43.68862630611361,2.796834325863119,38.20164000830101,49.17561260392621,percentage points,1598,513,378.912638234533,adjust,1255,approximate_interval,
NFHS-5,first_delivery,18,assam,observed_gap_pp,43.68862630611361,2.8074528849332294,38.18080792411875,49.19644468810847,percentage points,1598,513,378.912638234533,average,1255,approximate_interval,
NFHS-5,first_delivery,18,assam,observed_gap_pp,43.68862630611361,2.7967168881129894,38.2018704042597,49.17538220796752,percentage points,1598,513,378.912638234533,zero_sensitivity_only,1255,approximate_interval,
NFHS-5,all_narrow,10,bihar,observed_public_pct,4.840399372950588,0.46438050436210615,3.9295226852224854,5.751276060678691,percent,3734,3719,2729.1510574407803,adjust,1558,approximate_interval,
NFHS-5,all_narrow,10,bihar,observed_public_pct,4.840399372950588,0.46438050436210615,3.9295226852224854,5.751276060678691,percent,3734,3719,2729.1510574407803,average,1558,approximate_interval,
NFHS-5,all_narrow,10,bihar,observed_public_pct,4.840399372950588,0.46438050436210615,3.9295226852224854,5.751276060678691,percent,3734,3719,2729.1510574407803,zero_sensitivity_only,1558,approximate_interval,
NFHS-5,all_narrow,10,bihar,observed_private_pct,39.951366222318825,1.1130516924119442,37.76812892159057,42.13460352304708,percent,3734,3719,2591.4811891261643,adjust,1558,approximate_interval,
NFHS-5,all_narrow,10,bihar,observed_private_pct,39.951366222318825,1.1130516924119442,37.76812892159057,42.13460352304708,percent,3734,3719,2591.4811891261643,average,1558,approximate_interval,
NFHS-5,all_narrow,10,bihar,observed_private_pct,39.951366222318825,1.1130516924119442,37.76812892159057,42.13460352304708,percent,3734,3719,2591.4811891261643,zero_sensitivity_only,1558,approximate_interval,
NFHS-5,all_narrow,10,bihar,observed_gap_pp,35.11096684936824,1.1885364957970752,32.779667028712055,37.44226667002442,percentage points,3734,3719,2591.4811891261643,adjust,1558,approximate_interval,
NFHS-5,all_narrow,10,bihar,observed_gap_pp,35.11096684936824,1.1885364957970752,32.779667028712055,37.44226667002442,percentage points,3734,3719,2591.4811891261643,average,1558,approximate_interval,
NFHS-5,all_narrow,10,bihar,observed_gap_pp,35.11096684936824,1.1885364957970752,32.779667028712055,37.44226667002442,percentage points,3734,3719,2591.4811891261643,zero_sensitivity_only,1558,approximate_interval,
NFHS-5,first_delivery,10,bihar,observed_public_pct,7.412536376872635,0.9499221530123881,5.549275675340741,9.275797078404528,percent,1168,1613,854.3105186835693,adjust,1558,approximate_interval,
NFHS-5,first_delivery,10,bihar,observed_public_pct,7.412536376872635,0.9499221530123881,5.549275675340741,9.275797078404528,percent,1168,1613,854.3105186835693,average,1558,approximate_interval,
NFHS-5,first_delivery,10,bihar,observed_public_pct,7.412536376872635,0.9499221530123881,5.549275675340741,9.275797078404528,percent,1168,1613,854.3105186835693,zero_sensitivity_only,1558,approximate_interval,
NFHS-5,first_delivery,10,bihar,observed_private_pct,43.30505672411942,1.3929753197795331,40.57275264707661,46.03736080116222,percent,1168,1613,1118.9339308977285,adjust,1558,approximate_interval,
NFHS-5,first_delivery,10,bihar,observed_private_pct,43.30505672411942,1.3929753197795331,40.57275264707661,46.03736080116222,percent,1168,1613,1118.9339308977285,average,1558,approximate_interval,
NFHS-5,first_delivery,10,bihar,observed_private_pct,43.30505672411942,1.3929753197795331,40.57275264707661,46.03736080116222,percent,1168,1613,1118.9339308977285,zero_sensitivity_only,1558,approximate_interval,
NFHS-5,first_delivery,10,bihar,observed_gap_pp,35.89252034724678,1.6330433517742757,32.68932575744838,39.09571493704518,percentage points,1168,1613,854.3105186835693,adjust,1558,approximate_interval,
NFHS-5,first_delivery,10,bihar,observed_gap_pp,35.89252034724678,1.6330433517742757,32.68932575744838,39.09571493704518,percentage points,1168,1613,854.3105186835693,average,1558,approximate_interval,
NFHS-5,first_delivery,10,bihar,observed_gap_pp,35.89252034724678,1.6330433517742757,32.68932575744838,39.09571493704518,percentage points,1168,1613,854.3105186835693,zero_sensitivity_only,1558,approximate_interval,
NFHS-5,all_narrow,4,chandigarh,observed_public_pct,29.809815237915636,4.3417827941068685,21.027730603503834,38.59189987232744,percent,130,25,116.46591996139182,adjust,39,approximate_interval,
NFHS-5,all_narrow,4,chandigarh,observed_public_pct,29.809815237915636,6.124376953338683,17.42209358351508,42.197536892316194,percent,130,25,116.46591996139182,average,39,approximate_interval,
NFHS-5,all_narrow,4,chandigarh,observed_public_pct,29.809815237915636,4.33058847424839,21.050373252637566,38.5692572231937,percent,130,25,116.46591996139182,zero_sensitivity_only,39,approximate_interval,
NFHS-5,all_narrow,4,chandigarh,observed_private_pct,46.028635657706836,10.745125315512258,24.294568247363056,67.76270306805061,percent,130,25,23.946583150861706,adjust,39,approximate_interval_sparse,sparse_n_below_30;weight_only_effective_n_below_30
NFHS-5,all_narrow,4,chandigarh,observed_private_pct,46.028635657706836,15.175166907569611,15.33396334372345,76.72330797169022,percent,130,25,23.946583150861706,average,39,approximate_interval_sparse,sparse_n_below_30;weight_only_effective_n_below_30
NFHS-5,all_narrow,4,chandigarh,observed_private_pct,46.028635657706836,10.730463425980162,24.32422471819021,67.73304659722346,percent,130,25,23.946583150861706,zero_sensitivity_only,39,approximate_interval_sparse,sparse_n_below_30;weight_only_effective_n_below_30
NFHS-5,all_narrow,4,chandigarh,observed_gap_pp,16.218820419791196,10.373067601273918,-4.762689230233061,37.20033006981545,percentage points,130,25,23.946583150861706,adjust,39,approximate_interval_sparse,sparse_n_below_30;weight_only_effective_n_below_30
NFHS-5,all_narrow,4,chandigarh,observed_gap_pp,16.218820419791196,14.665486901191255,-13.444926773166408,45.8825676127488,percentage points,130,25,23.946583150861706,average,39,approximate_interval_sparse,sparse_n_below_30;weight_only_effective_n_below_30
NFHS-5,all_narrow,4,chandigarh,observed_gap_pp,16.218820419791196,10.370065237234822,-4.756616375752536,37.19425721533493,percentage points,130,25,23.946583150861706,zero_sensitivity_only,39,approximate_interval_sparse,sparse_n_below_30;weight_only_effective_n_below_30
NFHS-5,first_delivery,4,chandigarh,observed_public_pct,32.288123589889956,6.061125054729921,20.02834097648043,44.54790620329948,percent,50,9,45.0043943035399,adjust,39,approximate_interval,
NFHS-5,first_delivery,4,chandigarh,observed_public_pct,32.288123589889956,8.568301939651505,14.957097056423489,49.61915012335642,percent,50,9,45.0043943035399,average,39,approximate_interval,
NFHS-5,first_delivery,4,chandigarh,observed_public_pct,32.288123589889956,6.058704404781428,20.033237203151835,44.54300997662808,percent,50,9,45.0043943035399,zero_sensitivity_only,39,approximate_interval,
NFHS-5,first_delivery,4,chandigarh,observed_private_pct,36.900039451650606,17.824004706635268,0.8475869728469618,72.95249193045424,percent,50,9,8.814623137795753,adjust,39,approximate_interval_sparse,sparse_n_below_30;weight_only_effective_n_below_30
NFHS-5,first_delivery,4,chandigarh,observed_private_pct,36.900039451650606,25.206949191925474,-14.085827800685017,87.88590670398622,percent,50,9,8.814623137795753,average,39,approximate_interval_outside_bounds,sparse_n_below_30;weight_only_effective_n_below_30;wald_interval_outside_0_100
NFHS-5,first_delivery,4,chandigarh,observed_private_pct,36.900039451650606,17.824004706635268,0.8475869728469618,72.95249193045424,percent,50,9,8.814623137795753,zero_sensitivity_only,39,approximate_interval_sparse,sparse_n_below_30;weight_only_effective_n_below_30
NFHS-5,first_delivery,4,chandigarh,observed_gap_pp,4.611915861760652,18.57830907691815,-32.96626121775822,42.190092941279524,percentage points,50,9,8.814623137795753,adjust,39,approximate_interval_sparse,sparse_n_below_30;weight_only_effective_n_below_30
NFHS-5,first_delivery,4,chandigarh,observed_gap_pp,4.611915861760652,26.272580013883008,-48.52939317825979,57.75322490178109,percentage points,50,9,8.814623137795753,average,39,approximate_interval_sparse,sparse_n_below_30;weight_only_effective_n_below_30
NFHS-5,first_delivery,4,chandigarh,observed_gap_pp,4.611915861760652,18.57751948708283,-32.96466412156778,42.18849584508908,percentage points,50,9,8.814623137795753,zero_sensitivity_only,39,approximate_interval_sparse,sparse_n_below_30;weight_only_effective_n_below_30
NFHS-5,all_narrow,22,chhattisgarh,observed_public_pct,15.781109795045015,1.2050920734648845,13.41638313908145,18.14583645100858,percent,2020,964,1326.4033198407092,adjust,1026,approximate_interval,
NFHS-5,all_narrow,22,chhattisgarh,observed_public_pct,15.781109795045015,1.2050920734648845,13.41638313908145,18.14583645100858,percent,2020,964,1326.4033198407092,average,1026,approximate_interval,
NFHS-5,all_narrow,22,chhattisgarh,observed_public_pct,15.781109795045015,1.2050920734648845,13.41638313908145,18.14583645100858,percent,2020,964,1326.4033198407092,zero_sensitivity_only,1026,approximate_interval,
NFHS-5,all_narrow,22,chhattisgarh,observed_private_pct,56.58849843156144,2.3552101063221547,51.96691951535337,61.21007734776951,percent,2020,964,678.5912048120999,adjust,1026,approximate_interval,
NFHS-5,all_narrow,22,chhattisgarh,observed_private_pct,56.58849843156144,2.3552101063221547,51.96691951535337,61.21007734776951,percent,2020,964,678.5912048120999,average,1026,approximate_interval,
NFHS-5,all_narrow,22,chhattisgarh,observed_private_pct,56.58849843156144,2.3552101063221547,51.96691951535337,61.21007734776951,percent,2020,964,678.5912048120999,zero_sensitivity_only,1026,approximate_interval,
NFHS-5,all_narrow,22,chhattisgarh,observed_gap_pp,40.80738863651643,2.6348692085921406,35.63704058616307,45.97773668686979,percentage points,2020,964,678.5912048120999,adjust,1026,approximate_interval,
NFHS-5,all_narrow,22,chhattisgarh,observed_gap_pp,40.80738863651643,2.6348692085921406,35.63704058616307,45.97773668686979,percentage points,2020,964,678.5912048120999,average,1026,approximate_interval,
NFHS-5,all_narrow,22,chhattisgarh,observed_gap_pp,40.80738863651643,2.6348692085921406,35.63704058616307,45.97773668686979,percentage points,2020,964,678.5912048120999,zero_sensitivity_only,1026,approximate_interval,
NFHS-5,first_delivery,22,chhattisgarh,observed_public_pct,19.193650258243505,1.754722515147244,15.750395425890622,22.636905090596386,percent,847,513,553.4559738742649,adjust,1026,approximate_interval,
NFHS-5,first_delivery,22,chhattisgarh,observed_public_pct,19.193650258243505,1.754722515147244,15.750395425890622,22.636905090596386,percent,847,513,553.4559738742649,average,1026,approximate_interval,
NFHS-5,first_delivery,22,chhattisgarh,observed_public_pct,19.193650258243505,1.754722515147244,15.750395425890622,22.636905090596386,percent,847,513,553.4559738742649,zero_sensitivity_only,1026,approximate_interval,
NFHS-5,first_delivery,22,chhattisgarh,observed_private_pct,56.53666913026104,2.931685045007408,50.78388564967102,62.28945261085106,percent,847,513,355.6502107125048,adjust,1026,approximate_interval,
NFHS-5,first_delivery,22,chhattisgarh,observed_private_pct,56.53666913026104,2.931685045007408,50.78388564967102,62.28945261085106,percent,847,513,355.6502107125048,average,1026,approximate_interval,
NFHS-5,first_delivery,22,chhattisgarh,observed_private_pct,56.53666913026104,2.931685045007408,50.78388564967102,62.28945261085106,percent,847,513,355.6502107125048,zero_sensitivity_only,1026,approximate_interval,
NFHS-5,first_delivery,22,chhattisgarh,observed_gap_pp,37.34301887201754,3.3331311786258824,30.802486144706762,43.883551599328314,percentage points,847,513,355.6502107125048,adjust,1026,approximate_interval,
NFHS-5,first_delivery,22,chhattisgarh,observed_gap_pp,37.34301887201754,3.3331311786258824,30.802486144706762,43.883551599328314,percentage points,847,513,355.6502107125048,average,1026,approximate_interval,
NFHS-5,first_delivery,22,chhattisgarh,observed_gap_pp,37.34301887201754,3.3331311786258824,30.802486144706762,43.883551599328314,percentage points,847,513,355.6502107125048,zero_sensitivity_only,1026,approximate_interval,
NFHS-5,all_narrow,25,dadra & nagar haveli and daman & diu,observed_public_pct,21.777020601235687,3.3437843943706946,15.153009469895476,28.4010317325759,percent,259,221,180.69972072534082,adjust,114,approximate_interval,
NFHS-5,all_narrow,25,dadra & nagar haveli and daman & diu,observed_public_pct,21.777020601235687,3.3437843943706946,15.153009469895476,28.4010317325759,percent,259,221,180.69972072534082,average,114,approximate_interval,
NFHS-5,all_narrow,25,dadra & nagar haveli and daman & diu,observed_public_pct,21.777020601235687,3.3437843943706946,15.153009469895476,28.4010317325759,percent,259,221,180.69972072534082,zero_sensitivity_only,114,approximate_interval,
NFHS-5,all_narrow,25,dadra & nagar haveli and daman & diu,observed_private_pct,41.81902021173942,6.267504604385561,29.403141862923405,54.234898560555436,percent,259,221,147.11001049289243,adjust,114,approximate_interval,
NFHS-5,all_narrow,25,dadra & nagar haveli and daman & diu,observed_private_pct,41.81902021173942,6.267504604385561,29.403141862923405,54.234898560555436,percent,259,221,147.11001049289243,average,114,approximate_interval,
NFHS-5,all_narrow,25,dadra & nagar haveli and daman & diu,observed_private_pct,41.81902021173942,6.267504604385561,29.403141862923405,54.234898560555436,percent,259,221,147.11001049289243,zero_sensitivity_only,114,approximate_interval,
NFHS-5,all_narrow,25,dadra & nagar haveli and daman & diu,observed_gap_pp,20.041999610503737,6.399671317781495,7.364300020401593,32.71969920060588,percentage points,259,221,147.11001049289243,adjust,114,approximate_interval,
NFHS-5,all_narrow,25,dadra & nagar haveli and daman & diu,observed_gap_pp,20.041999610503737,6.399671317781495,7.364300020401593,32.71969920060588,percentage points,259,221,147.11001049289243,average,114,approximate_interval,
NFHS-5,all_narrow,25,dadra & nagar haveli and daman & diu,observed_gap_pp,20.041999610503737,6.399671317781495,7.364300020401593,32.71969920060588,percentage points,259,221,147.11001049289243,zero_sensitivity_only,114,approximate_interval,
NFHS-5,first_delivery,25,dadra & nagar haveli and daman & diu,observed_public_pct,27.33313342528641,4.728947278025445,17.96512528998411,36.70114156058871,percent,109,117,72.99475469293745,adjust,114,approximate_interval,
NFHS-5,first_delivery,25,dadra & nagar haveli and daman & diu,observed_public_pct,27.33313342528641,4.728947278025445,17.96512528998411,36.70114156058871,percent,109,117,72.99475469293745,average,114,approximate_interval,
NFHS-5,first_delivery,25,dadra & nagar haveli and daman & diu,observed_public_pct,27.33313342528641,4.728947278025445,17.96512528998411,36.70114156058871,percent,109,117,72.99475469293745,zero_sensitivity_only,114,approximate_interval,
NFHS-5,first_delivery,25,dadra & nagar haveli and daman & diu,observed_private_pct,48.83265210805431,5.68689579142174,37.56695534585653,60.098348870252096,percent,109,117,80.855738329243,adjust,114,approximate_interval,
NFHS-5,first_delivery,25,dadra & nagar haveli and daman & diu,observed_private_pct,48.83265210805431,5.68689579142174,37.56695534585653,60.098348870252096,percent,109,117,80.855738329243,average,114,approximate_interval,
NFHS-5,first_delivery,25,dadra & nagar haveli and daman & diu,observed_private_pct,48.83265210805431,5.68689579142174,37.56695534585653,60.098348870252096,percent,109,117,80.855738329243,zero_sensitivity_only,114,approximate_interval,
NFHS-5,first_delivery,25,dadra & nagar haveli and daman & diu,observed_gap_pp,21.4995186827679,7.554402896517325,6.534304728960576,36.46473263657522,percentage points,109,117,72.99475469293745,adjust,114,approximate_interval,
NFHS-5,first_delivery,25,dadra & nagar haveli and daman & diu,observed_gap_pp,21.4995186827679,7.554402896517325,6.534304728960576,36.46473263657522,percentage points,109,117,72.99475469293745,average,114,approximate_interval,
NFHS-5,first_delivery,25,dadra & nagar haveli and daman & diu,observed_gap_pp,21.4995186827679,7.554402896517325,6.534304728960576,36.46473263657522,percentage points,109,117,72.99475469293745,zero_sensitivity_only,114,approximate_interval,
NFHS-5,all_narrow,30,goa,observed_public_pct,34.366855033171035,4.14271515417623,26.115922731038367,42.6177873353037,percent,193,151,168.46261802105127,adjust,76,approximate_interval,
NFHS-5,all_narrow,30,goa,observed_public_pct,34.366855033171035,4.14271515417623,26.115922731038367,42.6177873353037,percent,193,151,168.46261802105127,average,76,approximate_interval,
NFHS-5,all_narrow,30,goa,observed_public_pct,34.366855033171035,4.14271515417623,26.115922731038367,42.6177873353037,percent,193,151,168.46261802105127,zero_sensitivity_only,76,approximate_interval,
NFHS-5,all_narrow,30,goa,observed_private_pct,50.74348190168253,4.9954043604430005,40.794271862888685,60.69269194047637,percent,193,151,124.04723157992001,adjust,76,approximate_interval,
NFHS-5,all_narrow,30,goa,observed_private_pct,50.74348190168253,4.9954043604430005,40.794271862888685,60.69269194047637,percent,193,151,124.04723157992001,average,76,approximate_interval,
NFHS-5,all_narrow,30,goa,observed_private_pct,50.74348190168253,4.9954043604430005,40.794271862888685,60.69269194047637,percent,193,151,124.04723157992001,zero_sensitivity_only,76,approximate_interval,
NFHS-5,all_narrow,30,goa,observed_gap_pp,16.376626868511497,7.410581459995106,1.6171747530986789,31.136078983924314,percentage points,193,151,124.04723157992001,adjust,76,approximate_interval,
NFHS-5,all_narrow,30,goa,observed_gap_pp,16.376626868511497,7.410581459995106,1.6171747530986789,31.136078983924314,percentage points,193,151,124.04723157992001,average,76,approximate_interval,
NFHS-5,all_narrow,30,goa,observed_gap_pp,16.376626868511497,7.410581459995106,1.6171747530986789,31.136078983924314,percentage points,193,151,124.04723157992001,zero_sensitivity_only,76,approximate_interval,
NFHS-5,first_delivery,30,goa,observed_public_pct,35.55729454957388,5.649502043587253,24.305336071229597,46.80925302791817,percent,99,93,84.2761423744015,adjust,76,approximate_interval,
NFHS-5,first_delivery,30,goa,observed_public_pct,35.55729454957388,5.649502043587253,24.305336071229597,46.80925302791817,percent,99,93,84.2761423744015,average,76,approximate_interval,
NFHS-5,first_delivery,30,goa,observed_public_pct,35.55729454957388,5.649502043587253,24.305336071229597,46.80925302791817,percent,99,93,84.2761423744015,zero_sensitivity_only,76,approximate_interval,
NFHS-5,first_delivery,30,goa,observed_private_pct,54.79825998396174,6.452183470914797,41.9476228925387,67.64889707538478,percent,99,93,73.9162913342151,adjust,76,approximate_interval,
NFHS-5,first_delivery,30,goa,observed_private_pct,54.79825998396174,6.452183470914797,41.9476228925387,67.64889707538478,percent,99,93,73.9162913342151,average,76,approximate_interval,
NFHS-5,first_delivery,30,goa,observed_private_pct,54.79825998396174,6.452183470914797,41.9476228925387,67.64889707538478,percent,99,93,73.9162913342151,zero_sensitivity_only,76,approximate_interval,
NFHS-5,first_delivery,30,goa,observed_gap_pp,19.240965434387856,9.524203962002865,0.2718692745975595,38.21006159417816,percentage points,99,93,73.9162913342151,adjust,76,approximate_interval,
NFHS-5,first_delivery,30,goa,observed_gap_pp,19.240965434387856,9.524203962002865,0.2718692745975595,38.21006159417816,percentage points,99,93,73.9162913342151,average,76,approximate_interval,
NFHS-5,first_delivery,30,goa,observed_gap_pp,19.240965434387856,9.524203962002865,0.2718692745975595,38.21006159417816,percentage points,99,93,73.9162913342151,zero_sensitivity_only,76,approximate_interval,
NFHS-5,all_narrow,24,gujarat,observed_public_pct,15.608706099040234,1.314143723572631,13.030543320954699,18.186868877125768,percent,1874,4385,1095.930972895828,adjust,1254,approximate_interval,
NFHS-5,all_narrow,24,gujarat,observed_public_pct,15.608706099040234,1.314143723572631,13.030543320954699,18.186868877125768,percent,1874,4385,1095.930972895828,average,1254,approximate_interval,
NFHS-5,all_narrow,24,gujarat,observed_public_pct,15.608706099040234,1.314143723572631,13.030543320954699,18.186868877125768,percent,1874,4385,1095.930972895828,zero_sensitivity_only,1254,approximate_interval,
NFHS-5,all_narrow,24,gujarat,observed_private_pct,30.62863410172,1.0515015240140637,28.565737904230044,32.69153029920996,percent,1874,4385,2849.1820736174077,adjust,1254,approximate_interval,
NFHS-5,all_narrow,24,gujarat,observed_private_pct,30.62863410172,1.0515015240140637,28.565737904230044,32.69153029920996,percent,1874,4385,2849.1820736174077,average,1254,approximate_interval,
NFHS-5,all_narrow,24,gujarat,observed_private_pct,30.62863410172,1.0515015240140637,28.565737904230044,32.69153029920996,percent,1874,4385,2849.1820736174077,zero_sensitivity_only,1254,approximate_interval,
NFHS-5,all_narrow,24,gujarat,observed_gap_pp,15.019928002679764,1.7293183328328279,11.627251785310062,18.412604220049467,percentage points,1874,4385,1095.930972895828,adjust,1254,approximate_interval,
NFHS-5,all_narrow,24,gujarat,observed_gap_pp,15.019928002679764,1.7293183328328279,11.627251785310062,18.412604220049467,percentage points,1874,4385,1095.930972895828,average,1254,approximate_interval,
NFHS-5,all_narrow,24,gujarat,observed_gap_pp,15.019928002679764,1.7293183328328279,11.627251785310062,18.412604220049467,percentage points,1874,4385,1095.930972895828,zero_sensitivity_only,1254,approximate_interval,
NFHS-5,first_delivery,24,gujarat,observed_public_pct,20.27242773930077,1.9821327547355452,16.38376564107108,24.16108983753046,percent,788,2070,452.0007366349874,adjust,1254,approximate_interval,
NFHS-5,first_delivery,24,gujarat,observed_public_pct,20.27242773930077,1.9821327547355452,16.38376564107108,24.16108983753046,percent,788,2070,452.0007366349874,average,1254,approximate_interval,
NFHS-5,first_delivery,24,gujarat,observed_public_pct,20.27242773930077,1.9821327547355452,16.38376564107108,24.16108983753046,percent,788,2070,452.0007366349874,zero_sensitivity_only,1254,approximate_interval,
NFHS-5,first_delivery,24,gujarat,observed_private_pct,37.58157366769927,1.5292140302333546,34.58147358598556,40.58167374941297,percent,788,2070,1336.3551427553925,adjust,1254,approximate_interval,
NFHS-5,first_delivery,24,gujarat,observed_private_pct,37.58157366769927,1.5292140302333546,34.58147358598556,40.58167374941297,percent,788,2070,1336.3551427553925,average,1254,approximate_interval,
NFHS-5,first_delivery,24,gujarat,observed_private_pct,37.58157366769927,1.5292140302333546,34.58147358598556,40.58167374941297,percent,788,2070,1336.3551427553925,zero_sensitivity_only,1254,approximate_interval,
NFHS-5,first_delivery,24,gujarat,observed_gap_pp,17.309145928398497,2.6546923378208365,12.10101773825516,22.517274118541835,percentage points,788,2070,452.0007366349874,adjust,1254,approximate_interval,
NFHS-5,first_delivery,24,gujarat,observed_gap_pp,17.309145928398497,2.6546923378208365,12.10101773825516,22.517274118541835,percentage points,788,2070,452.0007366349874,average,1254,approximate_interval,
NFHS-5,first_delivery,24,gujarat,observed_gap_pp,17.309145928398497,2.6546923378208365,12.10101773825516,22.517274118541835,percentage points,788,2070,452.0007366349874,zero_sensitivity_only,1254,approximate_interval,
NFHS-5,all_narrow,6,haryana,observed_public_pct,14.8855739224173,0.9097907226953725,13.099677292364436,16.671470552470165,percent,2519,2413,2200.720801845621,adjust,789,approximate_interval,
NFHS-5,all_narrow,6,haryana,observed_public_pct,14.8855739224173,0.9097907226953725,13.099677292364436,16.671470552470165,percent,2519,2413,2200.720801845621,average,789,approximate_interval,
NFHS-5,all_narrow,6,haryana,observed_public_pct,14.8855739224173,0.9097907226953725,13.099677292364436,16.671470552470165,percent,2519,2413,2200.720801845621,zero_sensitivity_only,789,approximate_interval,
NFHS-5,all_narrow,6,haryana,observed_private_pct,34.25277487207239,1.2691227104637846,31.761518459799948,36.744031284344835,percent,2519,2413,2000.1916919014286,adjust,789,approximate_interval,
NFHS-5,all_narrow,6,haryana,observed_private_pct,34.25277487207239,1.2691227104637846,31.761518459799948,36.744031284344835,percent,2519,2413,2000.1916919014286,average,789,approximate_interval,
NFHS-5,all_narrow,6,haryana,observed_private_pct,34.25277487207239,1.2691227104637846,31.761518459799948,36.744031284344835,percent,2519,2413,2000.1916919014286,zero_sensitivity_only,789,approximate_interval,
NFHS-5,all_narrow,6,haryana,observed_gap_pp,19.367200949655093,1.5736958521450732,16.278075012266207,22.45632688704398,percentage points,2519,2413,2000.1916919014286,adjust,789,approximate_interval,
NFHS-5,all_narrow,6,haryana,observed_gap_pp,19.367200949655093,1.5736958521450732,16.278075012266207,22.45632688704398,percentage points,2519,2413,2000.1916919014286,average,789,approximate_interval,
NFHS-5,all_narrow,6,haryana,observed_gap_pp,19.367200949655093,1.5736958521450732,16.278075012266207,22.45632688704398,percentage points,2519,2413,2000.1916919014286,zero_sensitivity_only,789,approximate_interval,
NFHS-5,first_delivery,6,haryana,observed_public_pct,17.125537846608893,1.322053214549258,14.53038016724813,19.720695525969656,percent,987,1164,864.58120051734,adjust,789,approximate_interval,
NFHS-5,first_delivery,6,haryana,observed_public_pct,17.125537846608893,1.322053214549258,14.53038016724813,19.720695525969656,percent,987,1164,864.58120051734,average,789,approximate_interval,
NFHS-5,first_delivery,6,haryana,observed_public_pct,17.125537846608893,1.322053214549258,14.53038016724813,19.720695525969656,percent,987,1164,864.58120051734,zero_sensitivity_only,789,approximate_interval,
NFHS-5,first_delivery,6,haryana,observed_private_pct,36.77981955752321,1.6468303017717858,33.547132508912874,40.01250660613355,percent,987,1164,957.8853879215384,adjust,789,approximate_interval,
NFHS-5,first_delivery,6,haryana,observed_private_pct,36.77981955752321,1.6468303017717858,33.547132508912874,40.01250660613355,percent,987,1164,957.8853879215384,average,789,approximate_interval,
NFHS-5,first_delivery,6,haryana,observed_private_pct,36.77981955752321,1.6468303017717858,33.547132508912874,40.01250660613355,percent,987,1164,957.8853879215384,zero_sensitivity_only,789,approximate_interval,
NFHS-5,first_delivery,6,haryana,observed_gap_pp,19.654281710914315,2.1297054974162877,15.473722626323255,23.834840795505375,percentage points,987,1164,864.58120051734,adjust,789,approximate_interval,
NFHS-5,first_delivery,6,haryana,observed_gap_pp,19.654281710914315,2.1297054974162877,15.473722626323255,23.834840795505375,percentage points,987,1164,864.58120051734,average,789,approximate_interval,
NFHS-5,first_delivery,6,haryana,observed_gap_pp,19.654281710914315,2.1297054974162877,15.473722626323255,23.834840795505375,percentage points,987,1164,864.58120051734,zero_sensitivity_only,789,approximate_interval,
NFHS-5,all_narrow,2,himachal pradesh,observed_public_pct,19.05497127206909,1.5366214527513242,16.035268716828504,22.074673827309674,percent,1223,365,699.9500977576229,adjust,458,approximate_interval,
NFHS-5,all_narrow,2,himachal pradesh,observed_public_pct,19.05497127206909,1.5366214527513242,16.035268716828504,22.074673827309674,percent,1223,365,699.9500977576229,average,458,approximate_interval,
NFHS-5,all_narrow,2,himachal pradesh,observed_public_pct,19.05497127206909,1.5366214527513242,16.035268716828504,22.074673827309674,percent,1223,365,699.9500977576229,zero_sensitivity_only,458,approximate_interval,
NFHS-5,all_narrow,2,himachal pradesh,observed_private_pct,50.90885458396909,3.3357836910368692,44.35351558520785,57.464193582730324,percent,1223,365,237.16301092718822,adjust,458,approximate_interval,
NFHS-5,all_narrow,2,himachal pradesh,observed_private_pct,50.90885458396909,3.3357836910368692,44.35351558520785,57.464193582730324,percent,1223,365,237.16301092718822,average,458,approximate_interval,
NFHS-5,all_narrow,2,himachal pradesh,observed_private_pct,50.90885458396909,3.3357836910368692,44.35351558520785,57.464193582730324,percent,1223,365,237.16301092718822,zero_sensitivity_only,458,approximate_interval,
NFHS-5,all_narrow,2,himachal pradesh,observed_gap_pp,31.8538833119,3.5179435960862495,24.94057148270932,38.76719514109068,percentage points,1223,365,237.16301092718822,adjust,458,approximate_interval,
NFHS-5,all_narrow,2,himachal pradesh,observed_gap_pp,31.8538833119,3.5179435960862495,24.94057148270932,38.76719514109068,percentage points,1223,365,237.16301092718822,average,458,approximate_interval,
NFHS-5,all_narrow,2,himachal pradesh,observed_gap_pp,31.8538833119,3.5179435960862495,24.94057148270932,38.76719514109068,percentage points,1223,365,237.16301092718822,zero_sensitivity_only,458,approximate_interval,
NFHS-5,first_delivery,2,himachal pradesh,observed_public_pct,21.969356103628183,1.9981891314101934,18.042600548335404,25.89611165892096,percent,631,197,367.53039265810753,adjust,458,approximate_interval,
NFHS-5,first_delivery,2,himachal pradesh,observed_public_pct,21.969356103628183,1.9981891314101934,18.042600548335404,25.89611165892096,percent,631,197,367.53039265810753,average,458,approximate_interval,
NFHS-5,first_delivery,2,himachal pradesh,observed_public_pct,21.969356103628183,1.9981891314101934,18.042600548335404,25.89611165892096,percent,631,197,367.53039265810753,zero_sensitivity_only,458,approximate_interval,
NFHS-5,first_delivery,2,himachal pradesh,observed_private_pct,55.16258969439758,4.706895967374099,45.912799673256075,64.41237971553909,percent,631,197,119.19907501950803,adjust,458,approximate_interval,
NFHS-5,first_delivery,2,himachal pradesh,observed_private_pct,55.16258969439758,4.706895967374099,45.912799673256075,64.41237971553909,percent,631,197,119.19907501950803,average,458,approximate_interval,
NFHS-5,first_delivery,2,himachal pradesh,observed_private_pct,55.16258969439758,4.706895967374099,45.912799673256075,64.41237971553909,percent,631,197,119.19907501950803,zero_sensitivity_only,458,approximate_interval,
NFHS-5,first_delivery,2,himachal pradesh,observed_gap_pp,33.1932335907694,4.84093049536576,23.680044665530733,42.706422516008075,percentage points,631,197,119.19907501950803,adjust,458,approximate_interval,
NFHS-5,first_delivery,2,himachal pradesh,observed_gap_pp,33.1932335907694,4.84093049536576,23.680044665530733,42.706422516008075,percentage points,631,197,119.19907501950803,average,458,approximate_interval,
NFHS-5,first_delivery,2,himachal pradesh,observed_gap_pp,33.1932335907694,4.84093049536576,23.680044665530733,42.706422516008075,percentage points,631,197,119.19907501950803,zero_sensitivity_only,458,approximate_interval,
NFHS-5,all_narrow,1,jammu & kashmir,observed_public_pct,46.230881546739546,1.2773417453263973,43.72336531418547,48.73839777929362,percent,3554,268,2433.659833592349,adjust,764,approximate_interval,
NFHS-5,all_narrow,1,jammu & kashmir,observed_public_pct,46.230881546739546,1.285789948123889,43.70678086783184,48.754982225647254,percent,3554,268,2433.659833592349,average,764,approximate_interval,
NFHS-5,all_narrow,1,jammu & kashmir,observed_public_pct,46.230881546739546,1.2773027930093062,43.723441780462224,48.73832131301687,percent,3554,268,2433.659833592349,zero_sensitivity_only,764,approximate_interval,
NFHS-5,all_narrow,1,jammu & kashmir,observed_private_pct,81.80424244496042,3.223704859555116,75.47587159677182,88.13261329314902,percent,3554,268,185.8620010749302,adjust,764,approximate_interval,
NFHS-5,all_narrow,1,jammu & kashmir,observed_private_pct,81.80424244496042,3.2447308437872078,75.4345960360534,88.17388885386744,percent,3554,268,185.8620010749302,average,764,approximate_interval,
NFHS-5,all_narrow,1,jammu & kashmir,observed_private_pct,81.80424244496042,3.2233132444223394,75.47664036621505,88.1318445237058,percent,3554,268,185.8620010749302,zero_sensitivity_only,764,approximate_interval,
NFHS-5,all_narrow,1,jammu & kashmir,observed_gap_pp,35.573360898220876,3.35222081702861,28.992703729095776,42.15401806734597,percentage points,3554,268,185.8620010749302,adjust,764,approximate_interval,
NFHS-5,all_narrow,1,jammu & kashmir,observed_gap_pp,35.573360898220876,3.3739503721000097,28.950047006830907,42.196674789610846,percentage points,3554,268,185.8620010749302,average,764,approximate_interval,
NFHS-5,all_narrow,1,jammu & kashmir,observed_gap_pp,35.573360898220876,3.3516798292335803,28.993765728112574,42.15295606832918,percentage points,3554,268,185.8620010749302,zero_sensitivity_only,764,approximate_interval,
NFHS-5,first_delivery,1,jammu & kashmir,observed_public_pct,46.6783546904179,1.6675498951296184,43.4048310261906,49.951878354645196,percent,1573,137,1080.2318382878261,adjust,764,approximate_interval,
NFHS-5,first_delivery,1,jammu & kashmir,observed_public_pct,46.6783546904179,1.6785983357228123,43.38314212090491,49.97356725993089,percent,1573,137,1080.2318382878261,average,764,approximate_interval,
NFHS-5,first_delivery,1,jammu & kashmir,observed_public_pct,46.6783546904179,1.6675183576352972,43.404892936622346,49.95181644421345,percent,1573,137,1080.2318382878261,zero_sensitivity_only,764,approximate_interval,
NFHS-5,first_delivery,1,jammu & kashmir,observed_private_pct,82.54137454799576,3.899436278895111,74.88649299189252,90.19625610409899,percent,1573,137,96.02531271710438,adjust,764,approximate_interval,
NFHS-5,first_delivery,1,jammu & kashmir,observed_private_pct,82.54137454799576,3.925346439539513,74.8356294319708,90.24711966402072,percent,1573,137,96.02531271710438,average,764,approximate_interval,
NFHS-5,first_delivery,1,jammu & kashmir,observed_private_pct,82.54137454799576,3.899436278895111,74.88649299189252,90.19625610409899,percent,1573,137,96.02531271710438,zero_sensitivity_only,764,approximate_interval,
NFHS-5,first_delivery,1,jammu & kashmir,observed_gap_pp,35.86301985757787,4.185180659897479,27.64720096708769,44.078838748068044,percentage points,1573,137,96.02531271710438,adjust,764,approximate_interval,
NFHS-5,first_delivery,1,jammu & kashmir,observed_gap_pp,35.86301985757787,4.212976825947136,27.592635039193063,44.13340467596267,percentage points,1573,137,96.02531271710438,average,764,approximate_interval,
NFHS-5,first_delivery,1,jammu & kashmir,observed_gap_pp,35.86301985757787,4.185168094149125,27.64722563458023,44.078814080575505,percentage points,1573,137,96.02531271710438,zero_sensitivity_only,764,approximate_interval,
NFHS-5,all_narrow,20,jharkhand,observed_public_pct,11.936829720563951,0.9482413778792677,10.076021941825275,13.797637499302628,percent,2005,1575,1584.6555361936805,adjust,984,approximate_interval,
NFHS-5,all_narrow,20,jharkhand,observed_public_pct,11.936829720563951,0.9482413778792677,10.076021941825275,13.797637499302628,percent,2005,1575,1584.6555361936805,average,984,approximate_interval,
NFHS-5,all_narrow,20,jharkhand,observed_public_pct,11.936829720563951,0.9482413778792677,10.076021941825275,13.797637499302628,percent,2005,1575,1584.6555361936805,zero_sensitivity_only,984,approximate_interval,
NFHS-5,all_narrow,20,jharkhand,observed_private_pct,46.97035239014246,1.6373805330508722,43.7571932687059,50.18351151157902,percent,2005,1575,1235.5529619758843,adjust,984,approximate_interval,
NFHS-5,all_narrow,20,jharkhand,observed_private_pct,46.97035239014246,1.6373805330508722,43.7571932687059,50.18351151157902,percent,2005,1575,1235.5529619758843,average,984,approximate_interval,
NFHS-5,all_narrow,20,jharkhand,observed_private_pct,46.97035239014246,1.6373805330508722,43.7571932687059,50.18351151157902,percent,2005,1575,1235.5529619758843,zero_sensitivity_only,984,approximate_interval,
NFHS-5,all_narrow,20,jharkhand,observed_gap_pp,35.03352266957851,1.913616469129943,31.278284294257563,38.78876104489946,percentage points,2005,1575,1235.5529619758843,adjust,984,approximate_interval,
NFHS-5,all_narrow,20,jharkhand,observed_gap_pp,35.03352266957851,1.913616469129943,31.278284294257563,38.78876104489946,percentage points,2005,1575,1235.5529619758843,average,984,approximate_interval,
NFHS-5,all_narrow,20,jharkhand,observed_gap_pp,35.03352266957851,1.913616469129943,31.278284294257563,38.78876104489946,percentage points,2005,1575,1235.5529619758843,zero_sensitivity_only,984,approximate_interval,
NFHS-5,first_delivery,20,jharkhand,observed_public_pct,15.293362455220883,1.4551534538311062,12.437801698946723,18.148923211495042,percent,828,751,639.007070901156,adjust,984,approximate_interval,
NFHS-5,first_delivery,20,jharkhand,observed_public_pct,15.293362455220883,1.4551534538311062,12.437801698946723,18.148923211495042,percent,828,751,639.007070901156,average,984,approximate_interval,
NFHS-5,first_delivery,20,jharkhand,observed_public_pct,15.293362455220883,1.4551534538311062,12.437801698946723,18.148923211495042,percent,828,751,639.007070901156,zero_sensitivity_only,984,approximate_interval,
NFHS-5,first_delivery,20,jharkhand,observed_private_pct,48.05806150226839,2.0066543374533694,44.12024768452086,51.99587532001591,percent,828,751,590.926142351731,adjust,984,approximate_interval,
NFHS-5,first_delivery,20,jharkhand,observed_private_pct,48.05806150226839,2.0066543374533694,44.12024768452086,51.99587532001591,percent,828,751,590.926142351731,average,984,approximate_interval,
NFHS-5,first_delivery,20,jharkhand,observed_private_pct,48.05806150226839,2.0066543374533694,44.12024768452086,51.99587532001591,percent,828,751,590.926142351731,zero_sensitivity_only,984,approximate_interval,
NFHS-5,first_delivery,20,jharkhand,observed_gap_pp,32.76469904704751,2.4725537081587925,27.912614671884498,37.61678342221052,percentage points,828,751,590.926142351731,adjust,984,approximate_interval,
NFHS-5,first_delivery,20,jharkhand,observed_gap_pp,32.76469904704751,2.4725537081587925,27.912614671884498,37.61678342221052,percentage points,828,751,590.926142351731,average,984,approximate_interval,
NFHS-5,first_delivery,20,jharkhand,observed_gap_pp,32.76469904704751,2.4725537081587925,27.912614671884498,37.61678342221052,percentage points,828,751,590.926142351731,zero_sensitivity_only,984,approximate_interval,
NFHS-5,all_narrow,29,karnataka,observed_public_pct,23.40649021753238,1.322815859713685,20.811063199106467,26.00191723595829,percent,2512,2350,1521.0920746363843,adjust,1140,approximate_interval,
NFHS-5,all_narrow,29,karnataka,observed_public_pct,23.40649021753238,1.3043018704371578,20.84738851803449,25.96559191703027,percent,2512,2350,1521.0920746363843,average,1140,approximate_interval,
NFHS-5,all_narrow,29,karnataka,observed_public_pct,23.40649021753238,1.2933870185442449,20.86880397151349,25.94417646355127,percent,2512,2350,1521.0920746363843,zero_sensitivity_only,1140,approximate_interval,
NFHS-5,all_narrow,29,karnataka,observed_private_pct,52.348628721990956,1.5755733344554053,49.257279633810185,55.439977810171726,percent,2512,2350,1335.7362930078036,adjust,1140,approximate_interval,
NFHS-5,all_narrow,29,karnataka,observed_private_pct,52.348628721990956,1.5888150880391638,49.23129868962188,55.46595875436003,percent,2512,2350,1335.7362930078036,average,1140,approximate_interval,
NFHS-5,all_narrow,29,karnataka,observed_private_pct,52.348628721990956,1.5755193305429633,49.257385592029856,55.439871851952056,percent,2512,2350,1335.7362930078036,zero_sensitivity_only,1140,approximate_interval,
NFHS-5,all_narrow,29,karnataka,observed_gap_pp,28.94213850445857,2.1680127158837816,24.68839544734583,33.19588156157131,percentage points,2512,2350,1335.7362930078036,adjust,1140,approximate_interval,
NFHS-5,all_narrow,29,karnataka,observed_gap_pp,28.94213850445857,2.167759860720647,24.688891561084812,33.19538544783233,percentage points,2512,2350,1335.7362930078036,average,1140,approximate_interval,
NFHS-5,all_narrow,29,karnataka,observed_gap_pp,28.94213850445857,2.1496192919187043,24.72448421145443,33.15979279746271,percentage points,2512,2350,1335.7362930078036,zero_sensitivity_only,1140,approximate_interval,
NFHS-5,first_delivery,29,karnataka,observed_public_pct,27.809774764146916,1.7000302578481028,24.474235330627007,31.145314197666824,percent,1063,1219,655.432729992439,adjust,1140,approximate_interval,
NFHS-5,first_delivery,29,karnataka,observed_public_pct,27.809774764146916,1.6410397018176284,24.589977579882017,31.029571948411814,percent,1063,1219,655.432729992439,average,1140,approximate_interval,
NFHS-5,first_delivery,29,karnataka,observed_public_pct,27.809774764146916,1.6273069105814046,24.61692196307123,31.0026275652226,percent,1063,1219,655.432729992439,zero_sensitivity_only,1140,approximate_interval,
NFHS-5,first_delivery,29,karnataka,observed_private_pct,53.091320895460605,2.1133001697476055,48.944926430705564,57.237715360215645,percent,1063,1219,672.6917983760036,adjust,1140,approximate_interval,
NFHS-5,first_delivery,29,karnataka,observed_private_pct,53.091320895460605,2.131134242633249,48.909935139759,57.27270665116221,percent,1063,1219,672.6917983760036,average,1140,approximate_interval,
NFHS-5,first_delivery,29,karnataka,observed_private_pct,53.091320895460605,2.1133001697476055,48.944926430705564,57.237715360215645,percent,1063,1219,672.6917983760036,zero_sensitivity_only,1140,approximate_interval,
NFHS-5,first_delivery,29,karnataka,observed_gap_pp,25.281546131313686,2.7356350600349817,19.914101301233735,30.648990961393636,percentage points,1063,1219,655.432729992439,adjust,1140,approximate_interval,
NFHS-5,first_delivery,29,karnataka,observed_gap_pp,25.281546131313686,2.713754810499903,19.957031381332364,30.606060881295008,percentage points,1063,1219,655.432729992439,average,1140,approximate_interval,
NFHS-5,first_delivery,29,karnataka,observed_gap_pp,25.281546131313686,2.6910451659753885,20.001588773462913,30.56150348916446,percentage points,1063,1219,655.432729992439,zero_sensitivity_only,1140,approximate_interval,
NFHS-5,all_narrow,32,kerala,observed_public_pct,37.98521294558682,2.0643715134364125,33.92989315066336,42.04053274051027,percent,835,1728,696.0972179315287,adjust,532,approximate_interval,
NFHS-5,all_narrow,32,kerala,observed_public_pct,37.98521294558682,2.0643715134364125,33.92989315066336,42.04053274051027,percent,835,1728,696.0972179315287,average,532,approximate_interval,
NFHS-5,all_narrow,32,kerala,observed_public_pct,37.98521294558682,2.0643715134364125,33.92989315066336,42.04053274051027,percent,835,1728,696.0972179315287,zero_sensitivity_only,532,approximate_interval,
NFHS-5,all_narrow,32,kerala,observed_private_pct,40.15329414857892,1.5407002008649866,37.12669162963132,43.17989666752653,percent,835,1728,1442.029146961997,adjust,532,approximate_interval,
NFHS-5,all_narrow,32,kerala,observed_private_pct,40.15329414857892,1.5407002008649866,37.12669162963132,43.17989666752653,percent,835,1728,1442.029146961997,average,532,approximate_interval,
NFHS-5,all_narrow,32,kerala,observed_private_pct,40.15329414857892,1.5407002008649866,37.12669162963132,43.17989666752653,percent,835,1728,1442.029146961997,zero_sensitivity_only,532,approximate_interval,
NFHS-5,all_narrow,32,kerala,observed_gap_pp,2.1680812029921057,2.514553990359773,-2.77159196442871,7.107754370412922,percentage points,835,1728,696.0972179315287,adjust,532,approximate_interval,
NFHS-5,all_narrow,32,kerala,observed_gap_pp,2.1680812029921057,2.514553990359773,-2.77159196442871,7.107754370412922,percentage points,835,1728,696.0972179315287,average,532,approximate_interval,
NFHS-5,all_narrow,32,kerala,observed_gap_pp,2.1680812029921057,2.514553990359773,-2.77159196442871,7.107754370412922,percentage points,835,1728,696.0972179315287,zero_sensitivity_only,532,approximate_interval,
NFHS-5,first_delivery,32,kerala,observed_public_pct,36.912918504534424,2.97879100518503,31.061282764726066,42.76455424434278,percent,347,765,292.8602648179051,adjust,532,approximate_interval,
NFHS-5,first_delivery,32,kerala,observed_public_pct,36.912918504534424,2.97879100518503,31.061282764726066,42.76455424434278,percent,347,765,292.8602648179051,average,532,approximate_interval,
NFHS-5,first_delivery,32,kerala,observed_public_pct,36.912918504534424,2.97879100518503,31.061282764726066,42.76455424434278,percent,347,765,292.8602648179051,zero_sensitivity_only,532,approximate_interval,
NFHS-5,first_delivery,32,kerala,observed_private_pct,40.962310647020615,2.101863105869307,36.8333411258019,45.09128016823933,percent,347,765,637.5125332098254,adjust,532,approximate_interval,
NFHS-5,first_delivery,32,kerala,observed_private_pct,40.962310647020615,2.101863105869307,36.8333411258019,45.09128016823933,percent,347,765,637.5125332098254,average,532,approximate_interval,
NFHS-5,first_delivery,32,kerala,observed_private_pct,40.962310647020615,2.101863105869307,36.8333411258019,45.09128016823933,percent,347,765,637.5125332098254,zero_sensitivity_only,532,approximate_interval,
NFHS-5,first_delivery,32,kerala,observed_gap_pp,4.049392142486191,3.694658376122035,-3.2085171779278756,11.307301462900258,percentage points,347,765,292.8602648179051,adjust,532,approximate_interval,
NFHS-5,first_delivery,32,kerala,observed_gap_pp,4.049392142486191,3.694658376122035,-3.2085171779278756,11.307301462900258,percentage points,347,765,292.8602648179051,average,532,approximate_interval,
NFHS-5,first_delivery,32,kerala,observed_gap_pp,4.049392142486191,3.694658376122035,-3.2085171779278756,11.307301462900258,percentage points,347,765,292.8602648179051,zero_sensitivity_only,532,approximate_interval,
NFHS-5,all_narrow,37,ladakh,observed_public_pct,43.25755171668574,3.8589576989475765,35.57177136591445,50.94333206745703,percent,299,1,292.21105538903765,adjust,76,approximate_interval,
NFHS-5,all_narrow,37,ladakh,observed_public_pct,43.25755171668574,3.8589576989475765,35.57177136591445,50.94333206745703,percent,299,1,292.21105538903765,average,76,approximate_interval,
NFHS-5,all_narrow,37,ladakh,observed_public_pct,43.25755171668574,3.8589576989475765,35.57177136591445,50.94333206745703,percent,299,1,292.21105538903765,zero_sensitivity_only,76,approximate_interval,
NFHS-5,all_narrow,37,ladakh,observed_private_pct,100.0,,,,percent,299,1,1.0,adjust,76,point_only_boundary_outcome,sparse_n_below_30;boundary_outcome_no_reliable_wald_interval;weight_only_effective_n_below_30
NFHS-5,all_narrow,37,ladakh,observed_private_pct,100.0,,,,percent,299,1,1.0,average,76,point_only_boundary_outcome,sparse_n_below_30;boundary_outcome_no_reliable_wald_interval;weight_only_effective_n_below_30
NFHS-5,all_narrow,37,ladakh,observed_private_pct,100.0,,,,percent,299,1,1.0,zero_sensitivity_only,76,point_only_boundary_outcome,sparse_n_below_30;boundary_outcome_no_reliable_wald_interval;weight_only_effective_n_below_30
NFHS-5,all_narrow,37,ladakh,observed_gap_pp,56.74244828331426,,,,percentage points,299,1,1.0,adjust,76,point_only_boundary_outcome,sparse_n_below_30;boundary_outcome_no_reliable_wald_interval;weight_only_effective_n_below_30
NFHS-5,all_narrow,37,ladakh,observed_gap_pp,56.74244828331426,,,,percentage points,299,1,1.0,average,76,point_only_boundary_outcome,sparse_n_below_30;boundary_outcome_no_reliable_wald_interval;weight_only_effective_n_below_30
NFHS-5,all_narrow,37,ladakh,observed_gap_pp,56.74244828331426,,,,percentage points,299,1,1.0,zero_sensitivity_only,76,point_only_boundary_outcome,sparse_n_below_30;boundary_outcome_no_reliable_wald_interval;weight_only_effective_n_below_30
NFHS-5,first_delivery,37,ladakh,observed_public_pct,42.464021543967725,5.2086621192868,32.090071868090476,52.837971219844974,percent,119,0,116.41616346664257,adjust,76,approximate_interval,
NFHS-5,first_delivery,37,ladakh,observed_public_pct,42.464021543967725,5.2086621192868,32.090071868090476,52.837971219844974,percent,119,0,116.41616346664257,average,76,approximate_interval,
NFHS-5,first_delivery,37,ladakh,observed_public_pct,42.464021543967725,5.2086621192868,32.090071868090476,52.837971219844974,percent,119,0,116.41616346664257,zero_sensitivity_only,76,approximate_interval,
NFHS-5,first_delivery,37,ladakh,observed_private_pct,,,,,percent,119,0,0.0,adjust,76,nonestimable,absent_sector_nonestimable
NFHS-5,first_delivery,37,ladakh,observed_private_pct,,,,,percent,119,0,0.0,average,76,nonestimable,absent_sector_nonestimable
NFHS-5,first_delivery,37,ladakh,observed_private_pct,,,,,percent,119,0,0.0,zero_sensitivity_only,76,nonestimable,absent_sector_nonestimable
NFHS-5,first_delivery,37,ladakh,observed_gap_pp,,,,,percentage points,119,0,0.0,adjust,76,nonestimable,absent_sector_nonestimable
NFHS-5,first_delivery,37,ladakh,observed_gap_pp,,,,,percentage points,119,0,0.0,average,76,nonestimable,absent_sector_nonestimable
NFHS-5,first_delivery,37,ladakh,observed_gap_pp,,,,,percentage points,119,0,0.0,zero_sensitivity_only,76,nonestimable,absent_sector_nonestimable
NFHS-5,all_narrow,31,lakshadweep,observed_public_pct,35.37784476629063,6.190508337515138,22.845815816176597,47.90987371640466,percent,69,95,65.98032719860227,adjust,38,approximate_interval,
NFHS-5,all_narrow,31,lakshadweep,observed_public_pct,35.37784476629063,6.190508337515138,22.845815816176597,47.90987371640466,percent,69,95,65.98032719860227,average,38,approximate_interval,
NFHS-5,all_narrow,31,lakshadweep,observed_public_pct,35.37784476629063,6.190508337515138,22.845815816176597,47.90987371640466,percent,69,95,65.98032719860227,zero_sensitivity_only,38,approximate_interval,
NFHS-5,all_narrow,31,lakshadweep,observed_private_pct,38.060063555684295,6.556693125927201,24.786732256995542,51.33339485437305,percent,69,95,93.70945144332082,adjust,38,approximate_interval,
NFHS-5,all_narrow,31,lakshadweep,observed_private_pct,38.060063555684295,6.556693125927201,24.786732256995542,51.33339485437305,percent,69,95,93.70945144332082,average,38,approximate_interval,
NFHS-5,all_narrow,31,lakshadweep,observed_private_pct,38.060063555684295,6.556693125927201,24.786732256995542,51.33339485437305,percent,69,95,93.70945144332082,zero_sensitivity_only,38,approximate_interval,
NFHS-5,all_narrow,31,lakshadweep,observed_gap_pp,2.68221878939367,9.552569338082543,-16.655946828985055,22.020384407772394,percentage points,69,95,65.98032719860227,adjust,38,approximate_interval,
NFHS-5,all_narrow,31,lakshadweep,observed_gap_pp,2.68221878939367,9.552569338082543,-16.655946828985055,22.020384407772394,percentage points,69,95,65.98032719860227,average,38,approximate_interval,
NFHS-5,all_narrow,31,lakshadweep,observed_gap_pp,2.68221878939367,9.552569338082543,-16.655946828985055,22.020384407772394,percentage points,69,95,65.98032719860227,zero_sensitivity_only,38,approximate_interval,
NFHS-5,first_delivery,31,lakshadweep,observed_public_pct,37.14491237355386,9.465470017636472,17.98307011116686,56.306754635940855,percent,38,41,36.344912204775056,adjust,38,approximate_interval,
NFHS-5,first_delivery,31,lakshadweep,observed_public_pct,37.14491237355386,9.465470017636472,17.98307011116686,56.306754635940855,percent,38,41,36.344912204775056,average,38,approximate_interval,
NFHS-5,first_delivery,31,lakshadweep,observed_public_pct,37.14491237355386,9.465470017636472,17.98307011116686,56.306754635940855,percent,38,41,36.344912204775056,zero_sensitivity_only,38,approximate_interval,
NFHS-5,first_delivery,31,lakshadweep,observed_private_pct,33.548474310677555,9.674886180049052,13.962691191273688,53.13425743008142,percent,38,41,40.618956485894216,adjust,38,approximate_interval,
NFHS-5,first_delivery,31,lakshadweep,observed_private_pct,33.548474310677555,9.674886180049052,13.962691191273688,53.13425743008142,percent,38,41,40.618956485894216,average,38,approximate_interval,
NFHS-5,first_delivery,31,lakshadweep,observed_private_pct,33.548474310677555,9.674886180049052,13.962691191273688,53.13425743008142,percent,38,41,40.618956485894216,zero_sensitivity_only,38,approximate_interval,
NFHS-5,first_delivery,31,lakshadweep,observed_gap_pp,-3.5964380628763006,14.841274533462268,-33.641027613432655,26.44815148768005,percentage points,38,41,36.344912204775056,adjust,38,approximate_interval,
NFHS-5,first_delivery,31,lakshadweep,observed_gap_pp,-3.5964380628763006,14.841274533462268,-33.641027613432655,26.44815148768005,percentage points,38,41,36.344912204775056,average,38,approximate_interval,
NFHS-5,first_delivery,31,lakshadweep,observed_gap_pp,-3.5964380628763006,14.841274533462268,-33.641027613432655,26.44815148768005,percentage points,38,41,36.344912204775056,zero_sensitivity_only,38,approximate_interval,
NFHS-5,all_narrow,23,madhya pradesh,observed_public_pct,14.591247048559532,0.838157766320798,12.947456616361334,16.23503748075773,percent,4275,1354,2993.048930649953,adjust,1929,approximate_interval,
NFHS-5,all_narrow,23,madhya pradesh,observed_public_pct,14.591247048559532,0.838157766320798,12.947456616361334,16.23503748075773,percent,4275,1354,2993.048930649953,average,1929,approximate_interval,
NFHS-5,all_narrow,23,madhya pradesh,observed_public_pct,14.591247048559532,0.838157766320798,12.947456616361334,16.23503748075773,percent,4275,1354,2993.048930649953,zero_sensitivity_only,1929,approximate_interval,
NFHS-5,all_narrow,23,madhya pradesh,observed_private_pct,52.877290194513584,2.090505522186598,48.777402185467096,56.97717820356007,percent,4275,1354,916.9414483945682,adjust,1929,approximate_interval,
NFHS-5,all_narrow,23,madhya pradesh,observed_private_pct,52.877290194513584,2.090505522186598,48.777402185467096,56.97717820356007,percent,4275,1354,916.9414483945682,average,1929,approximate_interval,
NFHS-5,all_narrow,23,madhya pradesh,observed_private_pct,52.877290194513584,2.090505522186598,48.777402185467096,56.97717820356007,percent,4275,1354,916.9414483945682,zero_sensitivity_only,1929,approximate_interval,
NFHS-5,all_narrow,23,madhya pradesh,observed_gap_pp,38.286043145954054,2.3052609101995083,33.76497804321048,42.807108248697624,percentage points,4275,1354,916.9414483945682,adjust,1929,approximate_interval,
NFHS-5,all_narrow,23,madhya pradesh,observed_gap_pp,38.286043145954054,2.3052609101995083,33.76497804321048,42.807108248697624,percentage points,4275,1354,916.9414483945682,average,1929,approximate_interval,
NFHS-5,all_narrow,23,madhya pradesh,observed_gap_pp,38.286043145954054,2.3052609101995083,33.76497804321048,42.807108248697624,percentage points,4275,1354,916.9414483945682,zero_sensitivity_only,1929,approximate_interval,
NFHS-5,first_delivery,23,madhya pradesh,observed_public_pct,16.373489230270735,1.0582771308971723,14.298001902844218,18.44897655769725,percent,1849,715,1303.291756897171,adjust,1929,approximate_interval,
NFHS-5,first_delivery,23,madhya pradesh,observed_public_pct,16.373489230270735,1.0582771308971723,14.298001902844218,18.44897655769725,percent,1849,715,1303.291756897171,average,1929,approximate_interval,
NFHS-5,first_delivery,23,madhya pradesh,observed_public_pct,16.373489230270735,1.0582771308971723,14.298001902844218,18.44897655769725,percent,1849,715,1303.291756897171,zero_sensitivity_only,1929,approximate_interval,
NFHS-5,first_delivery,23,madhya pradesh,observed_private_pct,56.92711196885747,2.4142746159924493,52.192249781887725,61.66197415582721,percent,1849,715,489.5607894370543,adjust,1929,approximate_interval,
NFHS-5,first_delivery,23,madhya pradesh,observed_private_pct,56.92711196885747,2.4142746159924493,52.192249781887725,61.66197415582721,percent,1849,715,489.5607894370543,average,1929,approximate_interval,
NFHS-5,first_delivery,23,madhya pradesh,observed_private_pct,56.92711196885747,2.4142746159924493,52.192249781887725,61.66197415582721,percent,1849,715,489.5607894370543,zero_sensitivity_only,1929,approximate_interval,
NFHS-5,first_delivery,23,madhya pradesh,observed_gap_pp,40.55362273858674,2.782050918645697,35.097479676126966,46.00976580104651,percentage points,1849,715,489.5607894370543,adjust,1929,approximate_interval,
NFHS-5,first_delivery,23,madhya pradesh,observed_gap_pp,40.55362273858674,2.782050918645697,35.097479676126966,46.00976580104651,percentage points,1849,715,489.5607894370543,average,1929,approximate_interval,
NFHS-5,first_delivery,23,madhya pradesh,observed_gap_pp,40.55362273858674,2.782050918645697,35.097479676126966,46.00976580104651,percentage points,1849,715,489.5607894370543,zero_sensitivity_only,1929,approximate_interval,
NFHS-5,all_narrow,27,maharashtra,observed_public_pct,21.320905002807926,1.1398614038440211,19.084845104122913,23.55696490149294,percent,3712,3001,1666.617946758451,adjust,1372,approximate_interval,
NFHS-5,all_narrow,27,maharashtra,observed_public_pct,21.320905002807926,1.1398614038440211,19.084845104122913,23.55696490149294,percent,3712,3001,1666.617946758451,average,1372,approximate_interval,
NFHS-5,all_narrow,27,maharashtra,observed_public_pct,21.320905002807926,1.1398614038440211,19.084845104122913,23.55696490149294,percent,3712,3001,1666.617946758451,zero_sensitivity_only,1372,approximate_interval,
NFHS-5,all_narrow,27,maharashtra,observed_private_pct,39.06761567799328,1.3298304919187092,36.45889445539551,41.67633690059105,percent,3712,3001,1259.3696374788703,adjust,1372,approximate_interval,
NFHS-5,all_narrow,27,maharashtra,observed_private_pct,39.06761567799328,1.3298304919187092,36.45889445539551,41.67633690059105,percent,3712,3001,1259.3696374788703,average,1372,approximate_interval,
NFHS-5,all_narrow,27,maharashtra,observed_private_pct,39.06761567799328,1.3298304919187092,36.45889445539551,41.67633690059105,percent,3712,3001,1259.3696374788703,zero_sensitivity_only,1372,approximate_interval,
NFHS-5,all_narrow,27,maharashtra,observed_gap_pp,17.74671067518535,1.6105874393994568,14.587230080069318,20.906191270301385,percentage points,3712,3001,1259.3696374788703,adjust,1372,approximate_interval,
NFHS-5,all_narrow,27,maharashtra,observed_gap_pp,17.74671067518535,1.6105874393994568,14.587230080069318,20.906191270301385,percentage points,3712,3001,1259.3696374788703,average,1372,approximate_interval,
NFHS-5,all_narrow,27,maharashtra,observed_gap_pp,17.74671067518535,1.6105874393994568,14.587230080069318,20.906191270301385,percentage points,3712,3001,1259.3696374788703,zero_sensitivity_only,1372,approximate_interval,
NFHS-5,first_delivery,27,maharashtra,observed_public_pct,23.096157962211805,1.7516000253733641,19.66005374632681,26.5322621780968,percent,1537,1557,757.5488646604805,adjust,1372,approximate_interval,
NFHS-5,first_delivery,27,maharashtra,observed_public_pct,23.096157962211805,1.7516000253733641,19.66005374632681,26.5322621780968,percent,1537,1557,757.5488646604805,average,1372,approximate_interval,
NFHS-5,first_delivery,27,maharashtra,observed_public_pct,23.096157962211805,1.7516000253733641,19.66005374632681,26.5322621780968,percent,1537,1557,757.5488646604805,zero_sensitivity_only,1372,approximate_interval,
NFHS-5,first_delivery,27,maharashtra,observed_private_pct,45.65745802743903,1.7859688501411077,42.153932675467736,49.16098337941032,percent,1537,1557,674.01206185258,adjust,1372,approximate_interval,
NFHS-5,first_delivery,27,maharashtra,observed_private_pct,45.65745802743903,1.7859688501411077,42.153932675467736,49.16098337941032,percent,1537,1557,674.01206185258,average,1372,approximate_interval,
NFHS-5,first_delivery,27,maharashtra,observed_private_pct,45.65745802743903,1.7859688501411077,42.153932675467736,49.16098337941032,percent,1537,1557,674.01206185258,zero_sensitivity_only,1372,approximate_interval,
NFHS-5,first_delivery,27,maharashtra,observed_gap_pp,22.561300065227226,2.548873947574868,17.561187944793467,27.561412185660984,percentage points,1537,1557,674.01206185258,adjust,1372,approximate_interval,
NFHS-5,first_delivery,27,maharashtra,observed_gap_pp,22.561300065227226,2.548873947574868,17.561187944793467,27.561412185660984,percentage points,1537,1557,674.01206185258,average,1372,approximate_interval,
NFHS-5,first_delivery,27,maharashtra,observed_gap_pp,22.561300065227226,2.548873947574868,17.561187944793467,27.561412185660984,percentage points,1537,1557,674.01206185258,zero_sensitivity_only,1372,approximate_interval,
NFHS-5,all_narrow,14,manipur,observed_public_pct,27.699220518026195,1.5401683060240299,24.669825518719676,30.728615517332713,percent,1237,533,875.027037248905,adjust,342,approximate_interval,
NFHS-5,all_narrow,14,manipur,observed_public_pct,27.699220518026195,1.5401683060240299,24.669825518719676,30.728615517332713,percent,1237,533,875.027037248905,average,342,approximate_interval,
NFHS-5,all_narrow,14,manipur,observed_public_pct,27.699220518026195,1.5401683060240299,24.669825518719676,30.728615517332713,percent,1237,533,875.027037248905,zero_sensitivity_only,342,approximate_interval,
NFHS-5,all_narrow,14,manipur,observed_private_pct,53.30896610763721,2.5655879821868233,48.26264787532553,58.355284339948895,percent,1237,533,346.1442024025767,adjust,342,approximate_interval,
NFHS-5,all_narrow,14,manipur,observed_private_pct,53.30896610763721,2.5655879821868233,48.26264787532553,58.355284339948895,percent,1237,533,346.1442024025767,average,342,approximate_interval,
NFHS-5,all_narrow,14,manipur,observed_private_pct,53.30896610763721,2.5655879821868233,48.26264787532553,58.355284339948895,percent,1237,533,346.1442024025767,zero_sensitivity_only,342,approximate_interval,
NFHS-5,all_narrow,14,manipur,observed_gap_pp,25.609745589611016,2.7571822116696056,20.186575945397813,31.03291523382422,percentage points,1237,533,346.1442024025767,adjust,342,approximate_interval,
NFHS-5,all_narrow,14,manipur,observed_gap_pp,25.609745589611016,2.7571822116696056,20.186575945397813,31.03291523382422,percentage points,1237,533,346.1442024025767,average,342,approximate_interval,
NFHS-5,all_narrow,14,manipur,observed_gap_pp,25.609745589611016,2.7571822116696056,20.186575945397813,31.03291523382422,percentage points,1237,533,346.1442024025767,zero_sensitivity_only,342,approximate_interval,
NFHS-5,first_delivery,14,manipur,observed_public_pct,26.730653382627125,2.119766134672989,22.561233129684023,30.900073635570227,percent,530,236,381.4091878265951,adjust,342,approximate_interval,
NFHS-5,first_delivery,14,manipur,observed_public_pct,26.730653382627125,2.119766134672989,22.561233129684023,30.900073635570227,percent,530,236,381.4091878265951,average,342,approximate_interval,
NFHS-5,first_delivery,14,manipur,observed_public_pct,26.730653382627125,2.119766134672989,22.561233129684023,30.900073635570227,percent,530,236,381.4091878265951,zero_sensitivity_only,342,approximate_interval,
NFHS-5,first_delivery,14,manipur,observed_private_pct,58.48029175513801,3.882840430173603,50.8430372185617,66.11754629171433,percent,530,236,163.038710948292,adjust,342,approximate_interval,
NFHS-5,first_delivery,14,manipur,observed_private_pct,58.48029175513801,3.882840430173603,50.8430372185617,66.11754629171433,percent,530,236,163.038710948292,average,342,approximate_interval,
NFHS-5,first_delivery,14,manipur,observed_private_pct,58.48029175513801,3.882840430173603,50.8430372185617,66.11754629171433,percent,530,236,163.038710948292,zero_sensitivity_only,342,approximate_interval,
NFHS-5,first_delivery,14,manipur,observed_gap_pp,31.74963837251089,4.159322126562165,23.568565173283673,39.93071157173811,percentage points,530,236,163.038710948292,adjust,342,approximate_interval,
NFHS-5,first_delivery,14,manipur,observed_gap_pp,31.74963837251089,4.159322126562165,23.568565173283673,39.93071157173811,percentage points,530,236,163.038710948292,average,342,approximate_interval,
NFHS-5,first_delivery,14,manipur,observed_gap_pp,31.74963837251089,4.159322126562165,23.568565173283673,39.93071157173811,percentage points,530,236,163.038710948292,zero_sensitivity_only,342,approximate_interval,
NFHS-5,all_narrow,17,meghalaya,observed_public_pct,14.427109980731206,1.5057560905852105,11.467373535920565,17.386846425541847,percent,1341,409,686.0861247557771,adjust,421,approximate_interval,
NFHS-5,all_narrow,17,meghalaya,observed_public_pct,14.427109980731206,1.5057560905852105,11.467373535920565,17.386846425541847,percent,1341,409,686.0861247557771,average,421,approximate_interval,
NFHS-5,all_narrow,17,meghalaya,observed_public_pct,14.427109980731206,1.5057560905852105,11.467373535920565,17.386846425541847,percent,1341,409,686.0861247557771,zero_sensitivity_only,421,approximate_interval,
NFHS-5,all_narrow,17,meghalaya,observed_private_pct,40.76629726544574,4.190750241582123,32.52889660098023,49.003697929911255,percent,1341,409,206.9804500315475,adjust,421,approximate_interval,
NFHS-5,all_narrow,17,meghalaya,observed_private_pct,40.76629726544574,4.190750241582123,32.52889660098023,49.003697929911255,percent,1341,409,206.9804500315475,average,421,approximate_interval,
NFHS-5,all_narrow,17,meghalaya,observed_private_pct,40.76629726544574,4.190750241582123,32.52889660098023,49.003697929911255,percent,1341,409,206.9804500315475,zero_sensitivity_only,421,approximate_interval,
NFHS-5,all_narrow,17,meghalaya,observed_gap_pp,26.339187284714537,3.969253352088694,18.5371641826211,34.14121038680797,percentage points,1341,409,206.9804500315475,adjust,421,approximate_interval,
NFHS-5,all_narrow,17,meghalaya,observed_gap_pp,26.339187284714537,3.969253352088694,18.5371641826211,34.14121038680797,percentage points,1341,409,206.9804500315475,average,421,approximate_interval,
NFHS-5,all_narrow,17,meghalaya,observed_gap_pp,26.339187284714537,3.969253352088694,18.5371641826211,34.14121038680797,percentage points,1341,409,206.9804500315475,zero_sensitivity_only,421,approximate_interval,
NFHS-5,first_delivery,17,meghalaya,observed_public_pct,14.706033326090306,2.43586470638267,9.918061627893962,19.49400502428665,percent,455,126,238.53082735684958,adjust,421,approximate_interval,
NFHS-5,first_delivery,17,meghalaya,observed_public_pct,14.706033326090306,2.43586470638267,9.918061627893962,19.49400502428665,percent,455,126,238.53082735684958,average,421,approximate_interval,
NFHS-5,first_delivery,17,meghalaya,observed_public_pct,14.706033326090306,2.43586470638267,9.918061627893962,19.49400502428665,percent,455,126,238.53082735684958,zero_sensitivity_only,421,approximate_interval,
NFHS-5,first_delivery,17,meghalaya,observed_private_pct,41.71249292666111,8.05500875898447,25.879448560246097,57.54553729307613,percent,455,126,63.42344707972327,adjust,421,approximate_interval,
NFHS-5,first_delivery,17,meghalaya,observed_private_pct,41.71249292666111,8.05500875898447,25.879448560246097,57.54553729307613,percent,455,126,63.42344707972327,average,421,approximate_interval,
NFHS-5,first_delivery,17,meghalaya,observed_private_pct,41.71249292666111,8.05500875898447,25.879448560246097,57.54553729307613,percent,455,126,63.42344707972327,zero_sensitivity_only,421,approximate_interval,
NFHS-5,first_delivery,17,meghalaya,observed_gap_pp,27.006459600570803,7.717461678984942,11.836902767602014,42.176016433539594,percentage points,455,126,63.42344707972327,adjust,421,approximate_interval,
NFHS-5,first_delivery,17,meghalaya,observed_gap_pp,27.006459600570803,7.717461678984942,11.836902767602014,42.176016433539594,percentage points,455,126,63.42344707972327,average,421,approximate_interval,
NFHS-5,first_delivery,17,meghalaya,observed_gap_pp,27.006459600570803,7.717461678984942,11.836902767602014,42.176016433539594,percentage points,455,126,63.42344707972327,zero_sensitivity_only,421,approximate_interval,
NFHS-5,all_narrow,15,mizoram,observed_public_pct,12.910006906110578,1.6742608253531195,9.615399566905326,16.20461424531583,percent,1169,167,563.0208854963856,adjust,304,approximate_interval,
NFHS-5,all_narrow,15,mizoram,observed_public_pct,12.910006906110578,1.6742608253531195,9.615399566905326,16.20461424531583,percent,1169,167,563.0208854963856,average,304,approximate_interval,
NFHS-5,all_narrow,15,mizoram,observed_public_pct,12.910006906110578,1.6742608253531195,9.615399566905326,16.20461424531583,percent,1169,167,563.0208854963856,zero_sensitivity_only,304,approximate_interval,
NFHS-5,all_narrow,15,mizoram,observed_private_pct,28.1202374498637,4.572319389730374,19.12283585598778,37.11763904373962,percent,1169,167,97.20830432250753,adjust,304,approximate_interval,
NFHS-5,all_narrow,15,mizoram,observed_private_pct,28.1202374498637,4.572319389730374,19.12283585598778,37.11763904373962,percent,1169,167,97.20830432250753,average,304,approximate_interval,
NFHS-5,all_narrow,15,mizoram,observed_private_pct,28.1202374498637,4.572319389730374,19.12283585598778,37.11763904373962,percent,1169,167,97.20830432250753,zero_sensitivity_only,304,approximate_interval,
NFHS-5,all_narrow,15,mizoram,observed_gap_pp,15.210230543753124,4.751742590070027,5.859760309847335,24.560700777658912,percentage points,1169,167,97.20830432250753,adjust,304,approximate_interval,
NFHS-5,all_narrow,15,mizoram,observed_gap_pp,15.210230543753124,4.751742590070027,5.859760309847335,24.560700777658912,percentage points,1169,167,97.20830432250753,average,304,approximate_interval,
NFHS-5,all_narrow,15,mizoram,observed_gap_pp,15.210230543753124,4.751742590070027,5.859760309847335,24.560700777658912,percentage points,1169,167,97.20830432250753,zero_sensitivity_only,304,approximate_interval,
NFHS-5,first_delivery,15,mizoram,observed_public_pct,12.60566112199846,2.4537642988756803,7.777148296913036,17.434173947083885,percent,411,62,195.88592819437127,adjust,304,approximate_interval,
NFHS-5,first_delivery,15,mizoram,observed_public_pct,12.60566112199846,2.4537642988756803,7.777148296913036,17.434173947083885,percent,411,62,195.88592819437127,average,304,approximate_interval,
NFHS-5,first_delivery,15,mizoram,observed_public_pct,12.60566112199846,2.4537642988756803,7.777148296913036,17.434173947083885,percent,411,62,195.88592819437127,zero_sensitivity_only,304,approximate_interval,
NFHS-5,first_delivery,15,mizoram,observed_private_pct,26.681826324274766,7.39130761892545,12.137224934285545,41.22642771426399,percent,411,62,38.047503082359675,adjust,304,approximate_interval,
NFHS-5,first_delivery,15,mizoram,observed_private_pct,26.681826324274766,7.39130761892545,12.137224934285545,41.22642771426399,percent,411,62,38.047503082359675,average,304,approximate_interval,
NFHS-5,first_delivery,15,mizoram,observed_private_pct,26.681826324274766,7.39130761892545,12.137224934285545,41.22642771426399,percent,411,62,38.047503082359675,zero_sensitivity_only,304,approximate_interval,
NFHS-5,first_delivery,15,mizoram,observed_gap_pp,14.076165202276306,7.882152343583558,-1.4343195242759101,29.58664992882852,percentage points,411,62,38.047503082359675,adjust,304,approximate_interval,
NFHS-5,first_delivery,15,mizoram,observed_gap_pp,14.076165202276306,7.882152343583558,-1.4343195242759101,29.58664992882852,percentage points,411,62,38.047503082359675,average,304,approximate_interval,
NFHS-5,first_delivery,15,mizoram,observed_gap_pp,14.076165202276306,7.882152343583558,-1.4343195242759101,29.58664992882852,percentage points,411,62,38.047503082359675,zero_sensitivity_only,304,approximate_interval,
NFHS-5,all_narrow,13,nagaland,observed_public_pct,10.705925919291486,1.6979604785793851,7.368297386448578,14.043554452134394,percent,599,179,381.5666165908838,adjust,417,approximate_interval,
NFHS-5,all_narrow,13,nagaland,observed_public_pct,10.705925919291486,1.6979604785793851,7.368297386448578,14.043554452134394,percent,599,179,381.5666165908838,average,417,approximate_interval,
NFHS-5,all_narrow,13,nagaland,observed_public_pct,10.705925919291486,1.6979604785793851,7.368297386448578,14.043554452134394,percent,599,179,381.5666165908838,zero_sensitivity_only,417,approximate_interval,
NFHS-5,all_narrow,13,nagaland,observed_private_pct,23.91917017985158,3.9983302824656675,16.05977568696419,31.77856467273897,percent,599,179,136.62684742307914,adjust,417,approximate_interval,
NFHS-5,all_narrow,13,nagaland,observed_private_pct,23.91917017985158,3.9983302824656675,16.05977568696419,31.77856467273897,percent,599,179,136.62684742307914,average,417,approximate_interval,
NFHS-5,all_narrow,13,nagaland,observed_private_pct,23.91917017985158,3.9983302824656675,16.05977568696419,31.77856467273897,percent,599,179,136.62684742307914,zero_sensitivity_only,417,approximate_interval,
NFHS-5,all_narrow,13,nagaland,observed_gap_pp,13.213244260560097,4.065805122404546,5.221216556317028,21.205271964803167,percentage points,599,179,136.62684742307914,adjust,417,approximate_interval,
NFHS-5,all_narrow,13,nagaland,observed_gap_pp,13.213244260560097,4.065805122404546,5.221216556317028,21.205271964803167,percentage points,599,179,136.62684742307914,average,417,approximate_interval,
NFHS-5,all_narrow,13,nagaland,observed_gap_pp,13.213244260560097,4.065805122404546,5.221216556317028,21.205271964803167,percentage points,599,179,136.62684742307914,zero_sensitivity_only,417,approximate_interval,
NFHS-5,first_delivery,13,nagaland,observed_public_pct,11.731443565702738,2.2332630194954928,7.341587341577099,16.121299789828377,percent,299,91,199.2201573794656,adjust,417,approximate_interval,
NFHS-5,first_delivery,13,nagaland,observed_public_pct,11.731443565702738,2.2332630194954928,7.341587341577099,16.121299789828377,percent,299,91,199.2201573794656,average,417,approximate_interval,
NFHS-5,first_delivery,13,nagaland,observed_public_pct,11.731443565702738,2.2332630194954928,7.341587341577099,16.121299789828377,percent,299,91,199.2201573794656,zero_sensitivity_only,417,approximate_interval,
NFHS-5,first_delivery,13,nagaland,observed_private_pct,29.260475005884278,5.836743396635394,17.787368567157515,40.73358144461104,percent,299,91,69.810581758791,adjust,417,approximate_interval,
NFHS-5,first_delivery,13,nagaland,observed_private_pct,29.260475005884278,5.836743396635394,17.787368567157515,40.73358144461104,percent,299,91,69.810581758791,average,417,approximate_interval,
NFHS-5,first_delivery,13,nagaland,observed_private_pct,29.260475005884278,5.836743396635394,17.787368567157515,40.73358144461104,percent,299,91,69.810581758791,zero_sensitivity_only,417,approximate_interval,
NFHS-5,first_delivery,13,nagaland,observed_gap_pp,17.52903144018154,6.096801901650906,5.5447360206167495,29.513326859746332,percentage points,299,91,69.810581758791,adjust,417,approximate_interval,
NFHS-5,first_delivery,13,nagaland,observed_gap_pp,17.52903144018154,6.096801901650906,5.5447360206167495,29.513326859746332,percentage points,299,91,69.810581758791,average,417,approximate_interval,
NFHS-5,first_delivery,13,nagaland,observed_gap_pp,17.52903144018154,6.096801901650906,5.5447360206167495,29.513326859746332,percentage points,299,91,69.810581758791,zero_sensitivity_only,417,approximate_interval,
NFHS-5,all_narrow,7,nct of delhi,observed_public_pct,18.115426106744437,1.1355193571420343,15.883696271038028,20.347155942450843,percent,1683,824,1424.0503672273671,adjust,439,approximate_interval,
NFHS-5,all_narrow,7,nct of delhi,observed_public_pct,18.115426106744437,1.451655917488281,15.262367018088915,20.968485195399957,percent,1683,824,1424.0503672273671,average,439,approximate_interval,
NFHS-5,all_narrow,7,nct of delhi,observed_public_pct,18.115426106744437,1.1325667009612244,15.889499369727497,20.341352843761378,percent,1683,824,1424.0503672273671,zero_sensitivity_only,439,approximate_interval,
NFHS-5,all_narrow,7,nct of delhi,observed_private_pct,43.181315265967015,2.064704009994998,39.12338220474124,47.23924832719279,percent,1683,824,709.9684450671293,adjust,439,approximate_interval,
NFHS-5,all_narrow,7,nct of delhi,observed_private_pct,43.181315265967015,2.6236703431565314,38.02479957378397,48.33783095815006,percent,1683,824,709.9684450671293,average,439,approximate_interval,
NFHS-5,all_narrow,7,nct of delhi,observed_private_pct,43.181315265967015,2.046960046909728,39.15825587868788,47.20437465324615,percent,1683,824,709.9684450671293,zero_sensitivity_only,439,approximate_interval,
NFHS-5,all_narrow,7,nct of delhi,observed_gap_pp,25.065889159222575,2.3486816654744302,20.449831392837652,29.681946925607498,percentage points,1683,824,709.9684450671293,adjust,439,approximate_interval,
NFHS-5,all_narrow,7,nct of delhi,observed_gap_pp,25.065889159222575,2.978881146564889,19.211248381856578,30.920529936588572,percentage points,1683,824,709.9684450671293,average,439,approximate_interval,
NFHS-5,all_narrow,7,nct of delhi,observed_gap_pp,25.065889159222575,2.324091785164938,20.49815991246876,29.63361840597639,percentage points,1683,824,709.9684450671293,zero_sensitivity_only,439,approximate_interval,
NFHS-5,first_delivery,7,nct of delhi,observed_public_pct,21.79891568857376,1.710786854328841,18.436565199939672,25.16126617720785,percent,713,408,596.7651829906645,adjust,439,approximate_interval,
NFHS-5,first_delivery,7,nct of delhi,observed_public_pct,21.79891568857376,2.1709199654608,17.532227650737365,26.065603726410156,percent,713,408,596.7651829906645,average,439,approximate_interval,
NFHS-5,first_delivery,7,nct of delhi,observed_public_pct,21.79891568857376,1.6937289571945977,18.470090491894812,25.12774088525271,percent,713,408,596.7651829906645,zero_sensitivity_only,439,approximate_interval,
NFHS-5,first_delivery,7,nct of delhi,observed_private_pct,45.33157215630118,2.498220031298314,40.42161430755051,50.24153000505184,percent,713,408,349.22755554145965,adjust,439,approximate_interval,
NFHS-5,first_delivery,7,nct of delhi,observed_private_pct,45.33157215630118,3.2014082228013474,39.03958056482018,51.62356374778218,percent,713,408,349.22755554145965,average,439,approximate_interval,
NFHS-5,first_delivery,7,nct of delhi,observed_private_pct,45.33157215630118,2.497705072977481,40.42262639760562,50.24051791499674,percent,713,408,349.22755554145965,zero_sensitivity_only,439,approximate_interval,
NFHS-5,first_delivery,7,nct of delhi,observed_gap_pp,23.53265646772742,3.015880377041719,17.605298051481938,29.460014883972903,percentage points,713,408,349.22755554145965,adjust,439,approximate_interval,
NFHS-5,first_delivery,7,nct of delhi,observed_gap_pp,23.53265646772742,3.8486173652004956,15.968651375156037,31.096661560298806,percentage points,713,408,349.22755554145965,average,439,approximate_interval,
NFHS-5,first_delivery,7,nct of delhi,observed_gap_pp,23.53265646772742,3.002650848631555,17.631299134668755,29.434013800786087,percentage points,713,408,349.22755554145965,zero_sensitivity_only,439,approximate_interval,
NFHS-5,all_narrow,21,odisha,observed_public_pct,28.724985917486773,1.1766095585987397,26.41642254783808,31.033549287135465,percent,2344,932,1769.5529607132821,adjust,1140,approximate_interval,
NFHS-5,all_narrow,21,odisha,observed_public_pct,28.724985917486773,1.1766095585987397,26.41642254783808,31.033549287135465,percent,2344,932,1769.5529607132821,average,1140,approximate_interval,
NFHS-5,all_narrow,21,odisha,observed_public_pct,28.724985917486773,1.1766095585987397,26.41642254783808,31.033549287135465,percent,2344,932,1769.5529607132821,zero_sensitivity_only,1140,approximate_interval,
NFHS-5,all_narrow,21,odisha,observed_private_pct,70.65361085387069,1.6490434130076101,67.41811001129415,73.88911169644723,percent,2344,932,710.3452462228848,adjust,1140,approximate_interval,
NFHS-5,all_narrow,21,odisha,observed_private_pct,70.65361085387069,1.6490434130076101,67.41811001129415,73.88911169644723,percent,2344,932,710.3452462228848,average,1140,approximate_interval,
NFHS-5,all_narrow,21,odisha,observed_private_pct,70.65361085387069,1.6490434130076101,67.41811001129415,73.88911169644723,percent,2344,932,710.3452462228848,zero_sensitivity_only,1140,approximate_interval,
NFHS-5,all_narrow,21,odisha,observed_gap_pp,41.92862493638391,1.984863848444911,38.034228583088165,45.82302128967966,percentage points,2344,932,710.3452462228848,adjust,1140,approximate_interval,
NFHS-5,all_narrow,21,odisha,observed_gap_pp,41.92862493638391,1.984863848444911,38.034228583088165,45.82302128967966,percentage points,2344,932,710.3452462228848,average,1140,approximate_interval,
NFHS-5,all_narrow,21,odisha,observed_gap_pp,41.92862493638391,1.984863848444911,38.034228583088165,45.82302128967966,percentage points,2344,932,710.3452462228848,zero_sensitivity_only,1140,approximate_interval,
NFHS-5,first_delivery,21,odisha,observed_public_pct,31.01124021497833,1.694996729227504,27.68557680167997,34.33690362827669,percent,1167,540,875.6126116026875,adjust,1140,approximate_interval,
NFHS-5,first_delivery,21,odisha,observed_public_pct,31.01124021497833,1.694996729227504,27.68557680167997,34.33690362827669,percent,1167,540,875.6126116026875,average,1140,approximate_interval,
NFHS-5,first_delivery,21,odisha,observed_public_pct,31.01124021497833,1.694996729227504,27.68557680167997,34.33690362827669,percent,1167,540,875.6126116026875,zero_sensitivity_only,1140,approximate_interval,
NFHS-5,first_delivery,21,odisha,observed_private_pct,72.4673989217641,2.229149470645,68.09370267240547,76.84109517112273,percent,1167,540,413.81468348158063,adjust,1140,approximate_interval,
NFHS-5,first_delivery,21,odisha,observed_private_pct,72.4673989217641,2.229149470645,68.09370267240547,76.84109517112273,percent,1167,540,413.81468348158063,average,1140,approximate_interval,
NFHS-5,first_delivery,21,odisha,observed_private_pct,72.4673989217641,2.229149470645,68.09370267240547,76.84109517112273,percent,1167,540,413.81468348158063,zero_sensitivity_only,1140,approximate_interval,
NFHS-5,first_delivery,21,odisha,observed_gap_pp,41.45615870678577,2.641071535321678,36.27425196592378,46.63806544764776,percentage points,1167,540,413.81468348158063,adjust,1140,approximate_interval,
NFHS-5,first_delivery,21,odisha,observed_gap_pp,41.45615870678577,2.641071535321678,36.27425196592378,46.63806544764776,percentage points,1167,540,413.81468348158063,average,1140,approximate_interval,
NFHS-5,first_delivery,21,odisha,observed_gap_pp,41.45615870678577,2.641071535321678,36.27425196592378,46.63806544764776,percentage points,1167,540,413.81468348158063,zero_sensitivity_only,1140,approximate_interval,
NFHS-5,all_narrow,34,puducherry,observed_public_pct,37.44792242694873,3.7491686971812967,30.042969053885656,44.8528758000118,percent,429,284,192.38522725802332,adjust,158,approximate_interval,
NFHS-5,all_narrow,34,puducherry,observed_public_pct,37.44792242694873,3.7491686971812967,30.042969053885656,44.8528758000118,percent,429,284,192.38522725802332,average,158,approximate_interval,
NFHS-5,all_narrow,34,puducherry,observed_public_pct,37.44792242694873,3.7491686971812967,30.042969053885656,44.8528758000118,percent,429,284,192.38522725802332,zero_sensitivity_only,158,approximate_interval,
NFHS-5,all_narrow,34,puducherry,observed_private_pct,39.812886476186975,7.77432802150838,24.45787283024235,55.1679001221316,percent,429,284,58.49423586096451,adjust,158,approximate_interval,
NFHS-5,all_narrow,34,puducherry,observed_private_pct,39.812886476186975,7.77432802150838,24.45787283024235,55.1679001221316,percent,429,284,58.49423586096451,average,158,approximate_interval,
NFHS-5,all_narrow,34,puducherry,observed_private_pct,39.812886476186975,7.77432802150838,24.45787283024235,55.1679001221316,percent,429,284,58.49423586096451,zero_sensitivity_only,158,approximate_interval,
NFHS-5,all_narrow,34,puducherry,observed_gap_pp,2.3649640492382495,8.550821766537691,-14.52369623702429,19.25362433550079,percentage points,429,284,58.49423586096451,adjust,158,approximate_interval,
NFHS-5,all_narrow,34,puducherry,observed_gap_pp,2.3649640492382495,8.550821766537691,-14.52369623702429,19.25362433550079,percentage points,429,284,58.49423586096451,average,158,approximate_interval,
NFHS-5,all_narrow,34,puducherry,observed_gap_pp,2.3649640492382495,8.550821766537691,-14.52369623702429,19.25362433550079,percentage points,429,284,58.49423586096451,zero_sensitivity_only,158,approximate_interval,
NFHS-5,first_delivery,34,puducherry,observed_public_pct,37.05526114859329,5.185088485880573,26.814233983819864,47.296288313366716,percent,188,138,91.2118974264236,adjust,158,approximate_interval,
NFHS-5,first_delivery,34,puducherry,observed_public_pct,37.05526114859329,5.185088485880573,26.814233983819864,47.296288313366716,percent,188,138,91.2118974264236,average,158,approximate_interval,
NFHS-5,first_delivery,34,puducherry,observed_public_pct,37.05526114859329,5.185088485880573,26.814233983819864,47.296288313366716,percent,188,138,91.2118974264236,zero_sensitivity_only,158,approximate_interval,
NFHS-5,first_delivery,34,puducherry,observed_private_pct,44.02238599534064,9.410991822671477,25.434810650023955,62.60996134065733,percent,188,138,31.6877580041401,adjust,158,approximate_interval,
NFHS-5,first_delivery,34,puducherry,observed_private_pct,44.02238599534064,9.410991822671477,25.434810650023955,62.60996134065733,percent,188,138,31.6877580041401,average,158,approximate_interval,
NFHS-5,first_delivery,34,puducherry,observed_private_pct,44.02238599534064,9.410991822671477,25.434810650023955,62.60996134065733,percent,188,138,31.6877580041401,zero_sensitivity_only,158,approximate_interval,
NFHS-5,first_delivery,34,puducherry,observed_gap_pp,6.967124846747352,10.594977533063778,-13.958931289369552,27.89318098286426,percentage points,188,138,31.6877580041401,adjust,158,approximate_interval,
NFHS-5,first_delivery,34,puducherry,observed_gap_pp,6.967124846747352,10.594977533063778,-13.958931289369552,27.89318098286426,percentage points,188,138,31.6877580041401,average,158,approximate_interval,
NFHS-5,first_delivery,34,puducherry,observed_gap_pp,6.967124846747352,10.594977533063778,-13.958931289369552,27.89318098286426,percentage points,188,138,31.6877580041401,zero_sensitivity_only,158,approximate_interval,
NFHS-5,all_narrow,3,punjab,observed_public_pct,29.961111271044576,1.1476854915966084,27.708392134386898,32.213830407702254,percent,2976,2160,2049.988311088335,adjust,827,approximate_interval,
NFHS-5,all_narrow,3,punjab,observed_public_pct,29.961111271044576,1.1476854915966084,27.708392134386898,32.213830407702254,percent,2976,2160,2049.988311088335,average,827,approximate_interval,
NFHS-5,all_narrow,3,punjab,observed_public_pct,29.961111271044576,1.1476854915966084,27.708392134386898,32.213830407702254,percent,2976,2160,2049.988311088335,zero_sensitivity_only,827,approximate_interval,
NFHS-5,all_narrow,3,punjab,observed_private_pct,55.6280131135012,1.5206520347816883,52.64322157955525,58.61280464744714,percent,2976,2160,1490.341551734873,adjust,827,approximate_interval,
NFHS-5,all_narrow,3,punjab,observed_private_pct,55.6280131135012,1.5206520347816883,52.64322157955525,58.61280464744714,percent,2976,2160,1490.341551734873,average,827,approximate_interval,
NFHS-5,all_narrow,3,punjab,observed_private_pct,55.6280131135012,1.5206520347816883,52.64322157955525,58.61280464744714,percent,2976,2160,1490.341551734873,zero_sensitivity_only,827,approximate_interval,
NFHS-5,all_narrow,3,punjab,observed_gap_pp,25.666901842456618,1.7846192861587977,22.163985715159843,29.169817969753392,percentage points,2976,2160,1490.341551734873,adjust,827,approximate_interval,
NFHS-5,all_narrow,3,punjab,observed_gap_pp,25.666901842456618,1.7846192861587977,22.163985715159843,29.169817969753392,percentage points,2976,2160,1490.341551734873,average,827,approximate_interval,
NFHS-5,all_narrow,3,punjab,observed_gap_pp,25.666901842456618,1.7846192861587977,22.163985715159843,29.169817969753392,percentage points,2976,2160,1490.341551734873,zero_sensitivity_only,827,approximate_interval,
NFHS-5,first_delivery,3,punjab,observed_public_pct,33.54301629590721,1.6455619030728605,30.313047095503652,36.77298549631077,percent,1282,1081,888.188055524258,adjust,827,approximate_interval,
NFHS-5,first_delivery,3,punjab,observed_public_pct,33.54301629590721,1.6455619030728605,30.313047095503652,36.77298549631077,percent,1282,1081,888.188055524258,average,827,approximate_interval,
NFHS-5,first_delivery,3,punjab,observed_public_pct,33.54301629590721,1.6455619030728605,30.313047095503652,36.77298549631077,percent,1282,1081,888.188055524258,zero_sensitivity_only,827,approximate_interval,
NFHS-5,first_delivery,3,punjab,observed_private_pct,61.835219158595514,1.86129296368165,58.18180512756262,65.48863318962842,percent,1282,1081,743.9121091053189,adjust,827,approximate_interval,
NFHS-5,first_delivery,3,punjab,observed_private_pct,61.835219158595514,1.86129296368165,58.18180512756262,65.48863318962842,percent,1282,1081,743.9121091053189,average,827,approximate_interval,
NFHS-5,first_delivery,3,punjab,observed_private_pct,61.835219158595514,1.86129296368165,58.18180512756262,65.48863318962842,percent,1282,1081,743.9121091053189,zero_sensitivity_only,827,approximate_interval,
NFHS-5,first_delivery,3,punjab,observed_gap_pp,28.292202862688303,2.442410524304795,23.498149990222956,33.08625573515365,percentage points,1282,1081,743.9121091053189,adjust,827,approximate_interval,
NFHS-5,first_delivery,3,punjab,observed_gap_pp,28.292202862688303,2.442410524304795,23.498149990222956,33.08625573515365,percentage points,1282,1081,743.9121091053189,average,827,approximate_interval,
NFHS-5,first_delivery,3,punjab,observed_gap_pp,28.292202862688303,2.442410524304795,23.498149990222956,33.08625573515365,percentage points,1282,1081,743.9121091053189,zero_sensitivity_only,827,approximate_interval,
NFHS-5,all_narrow,8,rajasthan,observed_public_pct,15.123389863978131,0.9491032607124537,13.261516088769284,16.98526363918698,percent,3223,2257,2420.4425556571146,adjust,1353,approximate_interval,
NFHS-5,all_narrow,8,rajasthan,observed_public_pct,15.123389863978131,0.9491032607124537,13.261516088769284,16.98526363918698,percent,3223,2257,2420.4425556571146,average,1353,approximate_interval,
NFHS-5,all_narrow,8,rajasthan,observed_public_pct,15.123389863978131,0.9491032607124537,13.261516088769284,16.98526363918698,percent,3223,2257,2420.4425556571146,zero_sensitivity_only,1353,approximate_interval,
NFHS-5,all_narrow,8,rajasthan,observed_private_pct,27.05900653085582,1.3807590896973234,24.350345370995417,29.767667690716227,percent,3223,2257,1748.9417916312545,adjust,1353,approximate_interval,
NFHS-5,all_narrow,8,rajasthan,observed_private_pct,27.05900653085582,1.3807590896973234,24.350345370995417,29.767667690716227,percent,3223,2257,1748.9417916312545,average,1353,approximate_interval,
NFHS-5,all_narrow,8,rajasthan,observed_private_pct,27.05900653085582,1.3807590896973234,24.350345370995417,29.767667690716227,percent,3223,2257,1748.9417916312545,zero_sensitivity_only,1353,approximate_interval,
NFHS-5,all_narrow,8,rajasthan,observed_gap_pp,11.93561666687769,1.692557910836372,8.615293876243785,15.255939457511596,percentage points,3223,2257,1748.9417916312545,adjust,1353,approximate_interval,
NFHS-5,all_narrow,8,rajasthan,observed_gap_pp,11.93561666687769,1.692557910836372,8.615293876243785,15.255939457511596,percentage points,3223,2257,1748.9417916312545,average,1353,approximate_interval,
NFHS-5,all_narrow,8,rajasthan,observed_gap_pp,11.93561666687769,1.692557910836372,8.615293876243785,15.255939457511596,percentage points,3223,2257,1748.9417916312545,zero_sensitivity_only,1353,approximate_interval,
NFHS-5,first_delivery,8,rajasthan,observed_public_pct,16.998957183924006,1.3033033546931276,14.442242400936845,19.555671966911166,percent,1417,1093,1054.3353062741487,adjust,1353,approximate_interval,
NFHS-5,first_delivery,8,rajasthan,observed_public_pct,16.998957183924006,1.3033033546931276,14.442242400936845,19.555671966911166,percent,1417,1093,1054.3353062741487,average,1353,approximate_interval,
NFHS-5,first_delivery,8,rajasthan,observed_public_pct,16.998957183924006,1.3033033546931276,14.442242400936845,19.555671966911166,percent,1417,1093,1054.3353062741487,zero_sensitivity_only,1353,approximate_interval,
NFHS-5,first_delivery,8,rajasthan,observed_private_pct,31.663772922979405,1.8537956382569392,28.02714704006313,35.300398805895675,percent,1417,1093,838.7174564683129,adjust,1353,approximate_interval,
NFHS-5,first_delivery,8,rajasthan,observed_private_pct,31.663772922979405,1.8537956382569392,28.02714704006313,35.300398805895675,percent,1417,1093,838.7174564683129,average,1353,approximate_interval,
NFHS-5,first_delivery,8,rajasthan,observed_private_pct,31.663772922979405,1.8537956382569392,28.02714704006313,35.300398805895675,percent,1417,1093,838.7174564683129,zero_sensitivity_only,1353,approximate_interval,
NFHS-5,first_delivery,8,rajasthan,observed_gap_pp,14.6648157390554,2.3216907809952376,10.110311125896338,19.219320352214464,percentage points,1417,1093,838.7174564683129,adjust,1353,approximate_interval,
NFHS-5,first_delivery,8,rajasthan,observed_gap_pp,14.6648157390554,2.3216907809952376,10.110311125896338,19.219320352214464,percentage points,1417,1093,838.7174564683129,average,1353,approximate_interval,
NFHS-5,first_delivery,8,rajasthan,observed_gap_pp,14.6648157390554,2.3216907809952376,10.110311125896338,19.219320352214464,percentage points,1417,1093,838.7174564683129,zero_sensitivity_only,1353,approximate_interval,
NFHS-5,all_narrow,11,sikkim,observed_public_pct,37.19129886502416,5.096363639339172,27.122444168843224,47.260153561205094,percent,373,64,167.0367453637438,adjust,152,approximate_interval,
NFHS-5,all_narrow,11,sikkim,observed_public_pct,37.19129886502416,5.096363639339172,27.122444168843224,47.260153561205094,percent,373,64,167.0367453637438,average,152,approximate_interval,
NFHS-5,all_narrow,11,sikkim,observed_public_pct,37.19129886502416,5.096363639339172,27.122444168843224,47.260153561205094,percent,373,64,167.0367453637438,zero_sensitivity_only,152,approximate_interval,
NFHS-5,all_narrow,11,sikkim,observed_private_pct,53.81455842509507,11.780010520231352,30.54086317067399,77.08825367951616,percent,373,64,30.484103769728204,adjust,152,approximate_interval,
NFHS-5,all_narrow,11,sikkim,observed_private_pct,53.81455842509507,11.780010520231352,30.54086317067399,77.08825367951616,percent,373,64,30.484103769728204,average,152,approximate_interval,
NFHS-5,all_narrow,11,sikkim,observed_private_pct,53.81455842509507,11.780010520231352,30.54086317067399,77.08825367951616,percent,373,64,30.484103769728204,zero_sensitivity_only,152,approximate_interval,
NFHS-5,all_narrow,11,sikkim,observed_gap_pp,16.623259560070913,12.57479791480601,-8.220692323715443,41.467211443857266,percentage points,373,64,30.484103769728204,adjust,152,approximate_interval,
NFHS-5,all_narrow,11,sikkim,observed_gap_pp,16.623259560070913,12.57479791480601,-8.220692323715443,41.467211443857266,percentage points,373,64,30.484103769728204,average,152,approximate_interval,
NFHS-5,all_narrow,11,sikkim,observed_gap_pp,16.623259560070913,12.57479791480601,-8.220692323715443,41.467211443857266,percentage points,373,64,30.484103769728204,zero_sensitivity_only,152,approximate_interval,
NFHS-5,first_delivery,11,sikkim,observed_public_pct,36.929355108906115,5.8738260899144015,25.324472570019324,48.53423764779291,percent,194,38,94.49819842525399,adjust,152,approximate_interval,
NFHS-5,first_delivery,11,sikkim,observed_public_pct,36.929355108906115,5.8738260899144015,25.324472570019324,48.53423764779291,percent,194,38,94.49819842525399,average,152,approximate_interval,
NFHS-5,first_delivery,11,sikkim,observed_public_pct,36.929355108906115,5.8738260899144015,25.324472570019324,48.53423764779291,percent,194,38,94.49819842525399,zero_sensitivity_only,152,approximate_interval,
NFHS-5,first_delivery,11,sikkim,observed_private_pct,49.12401018849009,13.937953414684797,21.586880260925227,76.66114011605495,percent,194,38,16.738926076724805,adjust,152,approximate_interval_sparse,weight_only_effective_n_below_30
NFHS-5,first_delivery,11,sikkim,observed_private_pct,49.12401018849009,13.937953414684797,21.586880260925227,76.66114011605495,percent,194,38,16.738926076724805,average,152,approximate_interval_sparse,weight_only_effective_n_below_30
NFHS-5,first_delivery,11,sikkim,observed_private_pct,49.12401018849009,13.937953414684797,21.586880260925227,76.66114011605495,percent,194,38,16.738926076724805,zero_sensitivity_only,152,approximate_interval_sparse,weight_only_effective_n_below_30
NFHS-5,first_delivery,11,sikkim,observed_gap_pp,12.194655079583978,14.448812970520494,-16.35177697041188,40.74108712957984,percentage points,194,38,16.738926076724805,adjust,152,approximate_interval_sparse,weight_only_effective_n_below_30
NFHS-5,first_delivery,11,sikkim,observed_gap_pp,12.194655079583978,14.448812970520494,-16.35177697041188,40.74108712957984,percentage points,194,38,16.738926076724805,average,152,approximate_interval_sparse,weight_only_effective_n_below_30
NFHS-5,first_delivery,11,sikkim,observed_gap_pp,12.194655079583978,14.448812970520494,-16.35177697041188,40.74108712957984,percentage points,194,38,16.738926076724805,zero_sensitivity_only,152,approximate_interval_sparse,weight_only_effective_n_below_30
NFHS-5,all_narrow,33,tamil nadu,observed_public_pct,41.24386511201974,1.2023840426463326,38.884893472037604,43.60283675200188,percent,3053,2088,1981.3831120859747,adjust,1219,approximate_interval,
NFHS-5,all_narrow,33,tamil nadu,observed_public_pct,41.24386511201974,1.2023840426463326,38.884893472037604,43.60283675200188,percent,3053,2088,1981.3831120859747,average,1219,approximate_interval,
NFHS-5,all_narrow,33,tamil nadu,observed_public_pct,41.24386511201974,1.2023840426463326,38.884893472037604,43.60283675200188,percent,3053,2088,1981.3831120859747,zero_sensitivity_only,1219,approximate_interval,
NFHS-5,all_narrow,33,tamil nadu,observed_private_pct,64.020744472875,1.332863913323104,61.40578281339991,66.63570613235008,percent,3053,2088,1361.3855165191194,adjust,1219,approximate_interval,
NFHS-5,all_narrow,33,tamil nadu,observed_private_pct,64.020744472875,1.332863913323104,61.40578281339991,66.63570613235008,percent,3053,2088,1361.3855165191194,average,1219,approximate_interval,
NFHS-5,all_narrow,33,tamil nadu,observed_private_pct,64.020744472875,1.332863913323104,61.40578281339991,66.63570613235008,percent,3053,2088,1361.3855165191194,zero_sensitivity_only,1219,approximate_interval,
NFHS-5,all_narrow,33,tamil nadu,observed_gap_pp,22.77687936085525,1.7583588636344774,19.327134067250242,26.22662465446026,percentage points,3053,2088,1361.3855165191194,adjust,1219,approximate_interval,
NFHS-5,all_narrow,33,tamil nadu,observed_gap_pp,22.77687936085525,1.7583588636344774,19.327134067250242,26.22662465446026,percentage points,3053,2088,1361.3855165191194,average,1219,approximate_interval,
NFHS-5,all_narrow,33,tamil nadu,observed_gap_pp,22.77687936085525,1.7583588636344774,19.327134067250242,26.22662465446026,percentage points,3053,2088,1361.3855165191194,zero_sensitivity_only,1219,approximate_interval,
NFHS-5,first_delivery,33,tamil nadu,observed_public_pct,43.185809922572005,1.7170189633547546,39.8171698739642,46.554449971179814,percent,1499,1095,924.6376671726148,adjust,1219,approximate_interval,
NFHS-5,first_delivery,33,tamil nadu,observed_public_pct,43.185809922572005,1.7170189633547546,39.8171698739642,46.554449971179814,percent,1499,1095,924.6376671726148,average,1219,approximate_interval,
NFHS-5,first_delivery,33,tamil nadu,observed_public_pct,43.185809922572005,1.7170189633547546,39.8171698739642,46.554449971179814,percent,1499,1095,924.6376671726148,zero_sensitivity_only,1219,approximate_interval,
NFHS-5,first_delivery,33,tamil nadu,observed_private_pct,63.76309391113957,1.6396877108521994,60.54617097209713,66.98001685018201,percent,1499,1095,647.144009748657,adjust,1219,approximate_interval,
NFHS-5,first_delivery,33,tamil nadu,observed_private_pct,63.76309391113957,1.6396877108521994,60.54617097209713,66.98001685018201,percent,1499,1095,647.144009748657,average,1219,approximate_interval,
NFHS-5,first_delivery,33,tamil nadu,observed_private_pct,63.76309391113957,1.6396877108521994,60.54617097209713,66.98001685018201,percent,1499,1095,647.144009748657,zero_sensitivity_only,1219,approximate_interval,
NFHS-5,first_delivery,33,tamil nadu,observed_gap_pp,20.57728398856756,2.1842443483511316,16.2919888667101,24.862579110425024,percentage points,1499,1095,647.144009748657,adjust,1219,approximate_interval,
NFHS-5,first_delivery,33,tamil nadu,observed_gap_pp,20.57728398856756,2.1842443483511316,16.2919888667101,24.862579110425024,percentage points,1499,1095,647.144009748657,average,1219,approximate_interval,
NFHS-5,first_delivery,33,tamil nadu,observed_gap_pp,20.57728398856756,2.1842443483511316,16.2919888667101,24.862579110425024,percentage points,1499,1095,647.144009748657,zero_sensitivity_only,1219,approximate_interval,
NFHS-5,all_narrow,36,telangana,observed_public_pct,46.28512522966447,1.6176894345314268,43.11125947565984,49.4589909836691,percent,2867,3287,1607.0292486288404,adjust,1181,approximate_interval,
NFHS-5,all_narrow,36,telangana,observed_public_pct,46.28512522966447,1.6310166708693035,43.08511177505341,49.48513868427553,percent,2867,3287,1607.0292486288404,average,1181,approximate_interval,
NFHS-5,all_narrow,36,telangana,observed_public_pct,46.28512522966447,1.6174810287895258,43.1116683624542,49.45858209687474,percent,2867,3287,1607.0292486288404,zero_sensitivity_only,1181,approximate_interval,
NFHS-5,all_narrow,36,telangana,observed_private_pct,81.79515011364039,0.9956063859721448,79.84179556643672,83.74850466084406,percent,2867,3287,1916.7664774568627,adjust,1181,approximate_interval,
NFHS-5,all_narrow,36,telangana,observed_private_pct,81.79515011364039,1.0018994788319964,79.82944867741816,83.76085154986262,percent,2867,3287,1916.7664774568627,average,1181,approximate_interval,
NFHS-5,all_narrow,36,telangana,observed_private_pct,81.79515011364039,0.9935848165801644,79.84576183445182,83.74453839282896,percent,2867,3287,1916.7664774568627,zero_sensitivity_only,1181,approximate_interval,
NFHS-5,all_narrow,36,telangana,observed_gap_pp,35.51002488397592,1.8721265588078246,31.836959927670645,39.1830898402812,percentage points,2867,3287,1607.0292486288404,adjust,1181,approximate_interval,
NFHS-5,all_narrow,36,telangana,observed_gap_pp,35.51002488397592,1.887405637196821,31.806982762328254,39.21306700562359,percentage points,2867,3287,1607.0292486288404,average,1181,approximate_interval,
NFHS-5,all_narrow,36,telangana,observed_gap_pp,35.51002488397592,1.8717422490655184,31.837713933664624,39.18233583428722,percentage points,2867,3287,1607.0292486288404,zero_sensitivity_only,1181,approximate_interval,
NFHS-5,first_delivery,36,telangana,observed_public_pct,45.349801642049165,1.9990561568180403,41.42770402490384,49.27189925919449,percent,1176,1549,691.8402743535356,adjust,1181,approximate_interval,
NFHS-5,first_delivery,36,telangana,observed_public_pct,45.349801642049165,2.015726198313207,41.39499782512905,49.30460545896928,percent,1176,1549,691.8402743535356,average,1181,approximate_interval,
NFHS-5,first_delivery,36,telangana,observed_public_pct,45.349801642049165,1.9989978908479886,41.42781834126335,49.271784942834984,percent,1176,1549,691.8402743535356,zero_sensitivity_only,1181,approximate_interval,
NFHS-5,first_delivery,36,telangana,observed_private_pct,81.47840220998937,1.2657194125291336,78.9950927367043,83.96171168327444,percent,1176,1549,951.1468533460169,adjust,1181,approximate_interval,
NFHS-5,first_delivery,36,telangana,observed_private_pct,81.47840220998937,1.2750846301233325,78.97671841666082,83.98008600331792,percent,1176,1549,951.1468533460169,average,1181,approximate_interval,
NFHS-5,first_delivery,36,telangana,observed_private_pct,81.47840220998937,1.2645028319829268,78.99747963696473,83.95932478301401,percent,1176,1549,951.1468533460169,zero_sensitivity_only,1181,approximate_interval,
NFHS-5,first_delivery,36,telangana,observed_gap_pp,36.12860056794021,2.3485046313765072,31.52089388238211,40.73630725349831,percentage points,1176,1549,691.8402743535356,adjust,1181,approximate_interval,
NFHS-5,first_delivery,36,telangana,observed_gap_pp,36.12860056794021,2.367083048670975,31.484443497558033,40.77275763832239,percentage points,1176,1549,691.8402743535356,average,1181,approximate_interval,
NFHS-5,first_delivery,36,telangana,observed_gap_pp,36.12860056794021,2.3474388663078094,31.522984886490285,40.73421624939014,percentage points,1176,1549,691.8402743535356,zero_sensitivity_only,1181,approximate_interval,
NFHS-5,all_narrow,16,tripura,observed_public_pct,27.801856612243963,1.8695187215723563,24.123021147898175,31.48069207658975,percent,1100,204,817.3639446016812,adjust,304,approximate_interval,
NFHS-5,all_narrow,16,tripura,observed_public_pct,27.801856612243963,1.8695187215723563,24.123021147898175,31.48069207658975,percent,1100,204,817.3639446016812,average,304,approximate_interval,
NFHS-5,all_narrow,16,tripura,observed_public_pct,27.801856612243963,1.8695187215723563,24.123021147898175,31.48069207658975,percent,1100,204,817.3639446016812,zero_sensitivity_only,304,approximate_interval,
NFHS-5,all_narrow,16,tripura,observed_private_pct,70.6518419934124,3.861401020314842,63.053384245073964,78.25029974175085,percent,1100,204,142.48890603495158,adjust,304,approximate_interval,
NFHS-5,all_narrow,16,tripura,observed_private_pct,70.6518419934124,3.861401020314842,63.053384245073964,78.25029974175085,percent,1100,204,142.48890603495158,average,304,approximate_interval,
NFHS-5,all_narrow,16,tripura,observed_private_pct,70.6518419934124,3.861401020314842,63.053384245073964,78.25029974175085,percent,1100,204,142.48890603495158,zero_sensitivity_only,304,approximate_interval,
NFHS-5,all_narrow,16,tripura,observed_gap_pp,42.84998538116844,4.043205303156245,34.89377350308028,50.80619725925659,percentage points,1100,204,142.48890603495158,adjust,304,approximate_interval,
NFHS-5,all_narrow,16,tripura,observed_gap_pp,42.84998538116844,4.043205303156245,34.89377350308028,50.80619725925659,percentage points,1100,204,142.48890603495158,average,304,approximate_interval,
NFHS-5,all_narrow,16,tripura,observed_gap_pp,42.84998538116844,4.043205303156245,34.89377350308028,50.80619725925659,percentage points,1100,204,142.48890603495158,zero_sensitivity_only,304,approximate_interval,
NFHS-5,first_delivery,16,tripura,observed_public_pct,28.953427466337118,2.239674154797514,24.546200828714554,33.36065410395968,percent,624,122,460.12675703374447,adjust,304,approximate_interval,
NFHS-5,first_delivery,16,tripura,observed_public_pct,28.953427466337118,2.239674154797514,24.546200828714554,33.36065410395968,percent,624,122,460.12675703374447,average,304,approximate_interval,
NFHS-5,first_delivery,16,tripura,observed_public_pct,28.953427466337118,2.239674154797514,24.546200828714554,33.36065410395968,percent,624,122,460.12675703374447,zero_sensitivity_only,304,approximate_interval,
NFHS-5,first_delivery,16,tripura,observed_private_pct,72.30127626294912,4.2537320949279565,63.93079015544147,80.67176237045676,percent,624,122,81.82805109285916,adjust,304,approximate_interval,
NFHS-5,first_delivery,16,tripura,observed_private_pct,72.30127626294912,4.2537320949279565,63.93079015544147,80.67176237045676,percent,624,122,81.82805109285916,average,304,approximate_interval,
NFHS-5,first_delivery,16,tripura,observed_private_pct,72.30127626294912,4.2537320949279565,63.93079015544147,80.67176237045676,percent,624,122,81.82805109285916,zero_sensitivity_only,304,approximate_interval,
NFHS-5,first_delivery,16,tripura,observed_gap_pp,43.34784879661199,4.360021902696806,34.76820580299963,51.92749179022435,percentage points,624,122,81.82805109285916,adjust,304,approximate_interval,
NFHS-5,first_delivery,16,tripura,observed_gap_pp,43.34784879661199,4.360021902696806,34.76820580299963,51.92749179022435,percentage points,624,122,81.82805109285916,average,304,approximate_interval,
NFHS-5,first_delivery,16,tripura,observed_gap_pp,43.34784879661199,4.360021902696806,34.76820580299963,51.92749179022435,percentage points,624,122,81.82805109285916,zero_sensitivity_only,304,approximate_interval,
NFHS-5,all_narrow,9,uttar pradesh,observed_public_pct,10.977471886271799,0.5995600285221778,9.801890528652228,12.15305324389137,percent,5844,7794,4534.995358137458,adjust,3058,approximate_interval,
NFHS-5,all_narrow,9,uttar pradesh,observed_public_pct,10.977471886271799,0.5995600285221778,9.801890528652228,12.15305324389137,percent,5844,7794,4534.995358137458,average,3058,approximate_interval,
NFHS-5,all_narrow,9,uttar pradesh,observed_public_pct,10.977471886271799,0.5995600285221778,9.801890528652228,12.15305324389137,percent,5844,7794,4534.995358137458,zero_sensitivity_only,3058,approximate_interval,
NFHS-5,all_narrow,9,uttar pradesh,observed_private_pct,39.32402216753851,0.7636983534024658,37.82660822332076,40.821436111756256,percent,5844,7794,5800.163200159428,adjust,3058,approximate_interval,
NFHS-5,all_narrow,9,uttar pradesh,observed_private_pct,39.32402216753851,0.7636983534024658,37.82660822332076,40.821436111756256,percent,5844,7794,5800.163200159428,average,3058,approximate_interval,
NFHS-5,all_narrow,9,uttar pradesh,observed_private_pct,39.32402216753851,0.7636983534024658,37.82660822332076,40.821436111756256,percent,5844,7794,5800.163200159428,zero_sensitivity_only,3058,approximate_interval,
NFHS-5,all_narrow,9,uttar pradesh,observed_gap_pp,28.34655028126671,0.9563975251407916,26.471303354282114,30.221797208251303,percentage points,5844,7794,4534.995358137458,adjust,3058,approximate_interval,
NFHS-5,all_narrow,9,uttar pradesh,observed_gap_pp,28.34655028126671,0.9563975251407916,26.471303354282114,30.221797208251303,percentage points,5844,7794,4534.995358137458,average,3058,approximate_interval,
NFHS-5,all_narrow,9,uttar pradesh,observed_gap_pp,28.34655028126671,0.9563975251407916,26.471303354282114,30.221797208251303,percentage points,5844,7794,4534.995358137458,zero_sensitivity_only,3058,approximate_interval,
NFHS-5,first_delivery,9,uttar pradesh,observed_public_pct,15.448365772872524,1.1090498064605983,13.273807404863431,17.62292414088162,percent,2018,3360,1555.926034330938,adjust,3058,approximate_interval,
NFHS-5,first_delivery,9,uttar pradesh,observed_public_pct,15.448365772872524,1.1090498064605983,13.273807404863431,17.62292414088162,percent,2018,3360,1555.926034330938,average,3058,approximate_interval,
NFHS-5,first_delivery,9,uttar pradesh,observed_public_pct,15.448365772872524,1.1090498064605983,13.273807404863431,17.62292414088162,percent,2018,3360,1555.926034330938,zero_sensitivity_only,3058,approximate_interval,
NFHS-5,first_delivery,9,uttar pradesh,observed_private_pct,43.94140401200057,0.9958818775641656,41.98873853404784,45.894069489953296,percent,2018,3360,2500.8371087857163,adjust,3058,approximate_interval,
NFHS-5,first_delivery,9,uttar pradesh,observed_private_pct,43.94140401200057,0.9958818775641656,41.98873853404784,45.894069489953296,percent,2018,3360,2500.8371087857163,average,3058,approximate_interval,
NFHS-5,first_delivery,9,uttar pradesh,observed_private_pct,43.94140401200057,0.9958818775641656,41.98873853404784,45.894069489953296,percent,2018,3360,2500.8371087857163,zero_sensitivity_only,3058,approximate_interval,
NFHS-5,first_delivery,9,uttar pradesh,observed_gap_pp,28.493038239128044,1.4771159850328566,25.596797775388954,31.389278702867134,percentage points,2018,3360,1555.926034330938,adjust,3058,approximate_interval,
NFHS-5,first_delivery,9,uttar pradesh,observed_gap_pp,28.493038239128044,1.4771159850328566,25.596797775388954,31.389278702867134,percentage points,2018,3360,1555.926034330938,average,3058,approximate_interval,
NFHS-5,first_delivery,9,uttar pradesh,observed_gap_pp,28.493038239128044,1.4771159850328566,25.596797775388954,31.389278702867134,percentage points,2018,3360,1555.926034330938,zero_sensitivity_only,3058,approximate_interval,
NFHS-5,all_narrow,5,uttarakhand,observed_public_pct,19.69914703094738,1.99800505663713,15.774165931030844,23.624128130863916,percent,1210,752,625.9750725834282,adjust,530,approximate_interval,
NFHS-5,all_narrow,5,uttarakhand,observed_public_pct,19.69914703094738,1.99800505663713,15.774165931030844,23.624128130863916,percent,1210,752,625.9750725834282,average,530,approximate_interval,
NFHS-5,all_narrow,5,uttarakhand,observed_public_pct,19.69914703094738,1.99800505663713,15.774165931030844,23.624128130863916,percent,1210,752,625.9750725834282,zero_sensitivity_only,530,approximate_interval,
NFHS-5,all_narrow,5,uttarakhand,observed_private_pct,42.91832427157577,2.3009113334258853,38.39829892615417,47.43834961699737,percent,1210,752,493.6929697803817,adjust,530,approximate_interval,
NFHS-5,all_narrow,5,uttarakhand,observed_private_pct,42.91832427157577,2.3009113334258853,38.39829892615417,47.43834961699737,percent,1210,752,493.6929697803817,average,530,approximate_interval,
NFHS-5,all_narrow,5,uttarakhand,observed_private_pct,42.91832427157577,2.3009113334258853,38.39829892615417,47.43834961699737,percent,1210,752,493.6929697803817,zero_sensitivity_only,530,approximate_interval,
NFHS-5,all_narrow,5,uttarakhand,observed_gap_pp,23.21917724062839,2.976186977466701,17.37260663382733,29.06574784742945,percentage points,1210,752,493.6929697803817,adjust,530,approximate_interval,
NFHS-5,all_narrow,5,uttarakhand,observed_gap_pp,23.21917724062839,2.976186977466701,17.37260663382733,29.06574784742945,percentage points,1210,752,493.6929697803817,average,530,approximate_interval,
NFHS-5,all_narrow,5,uttarakhand,observed_gap_pp,23.21917724062839,2.976186977466701,17.37260663382733,29.06574784742945,percentage points,1210,752,493.6929697803817,zero_sensitivity_only,530,approximate_interval,
NFHS-5,first_delivery,5,uttarakhand,observed_public_pct,22.567129756694378,2.491975944117897,17.671767530448626,27.46249198294013,percent,582,371,295.78821078783847,adjust,530,approximate_interval,
NFHS-5,first_delivery,5,uttarakhand,observed_public_pct,22.567129756694378,2.491975944117897,17.671767530448626,27.46249198294013,percent,582,371,295.78821078783847,average,530,approximate_interval,
NFHS-5,first_delivery,5,uttarakhand,observed_public_pct,22.567129756694378,2.491975944117897,17.671767530448626,27.46249198294013,percent,582,371,295.78821078783847,zero_sensitivity_only,530,approximate_interval,
NFHS-5,first_delivery,5,uttarakhand,observed_private_pct,45.55638394268797,3.0570982244075164,39.55086723414486,51.561900651231085,percent,582,371,235.123474213139,adjust,530,approximate_interval,
NFHS-5,first_delivery,5,uttarakhand,observed_private_pct,45.55638394268797,3.0570982244075164,39.55086723414486,51.561900651231085,percent,582,371,235.123474213139,average,530,approximate_interval,
NFHS-5,first_delivery,5,uttarakhand,observed_private_pct,45.55638394268797,3.0570982244075164,39.55086723414486,51.561900651231085,percent,582,371,235.123474213139,zero_sensitivity_only,530,approximate_interval,
NFHS-5,first_delivery,5,uttarakhand,observed_gap_pp,22.989254185993595,4.127015298336998,14.881938846009936,31.09656952597725,percentage points,582,371,235.123474213139,adjust,530,approximate_interval,
NFHS-5,first_delivery,5,uttarakhand,observed_gap_pp,22.989254185993595,4.127015298336998,14.881938846009936,31.09656952597725,percentage points,582,371,235.123474213139,average,530,approximate_interval,
NFHS-5,first_delivery,5,uttarakhand,observed_gap_pp,22.989254185993595,4.127015298336998,14.881938846009936,31.09656952597725,percentage points,582,371,235.123474213139,zero_sensitivity_only,530,approximate_interval,
NFHS-5,all_narrow,19,west bengal,observed_public_pct,30.202312673502014,1.2816113818766592,27.686409597037503,32.718215749966525,percent,2015,947,1607.8662756040114,adjust,763,approximate_interval,
NFHS-5,all_narrow,19,west bengal,observed_public_pct,30.202312673502014,1.2816113818766592,27.686409597037503,32.718215749966525,percent,2015,947,1607.8662756040114,average,763,approximate_interval,
NFHS-5,all_narrow,19,west bengal,observed_public_pct,30.202312673502014,1.2816113818766592,27.686409597037503,32.718215749966525,percent,2015,947,1607.8662756040114,zero_sensitivity_only,763,approximate_interval,
NFHS-5,all_narrow,19,west bengal,observed_private_pct,82.87064268788895,1.3791186235232271,80.16332529293037,85.57796008284753,percent,2015,947,787.3665740430449,adjust,763,approximate_interval,
NFHS-5,all_narrow,19,west bengal,observed_private_pct,82.87064268788895,1.3791186235232271,80.16332529293037,85.57796008284753,percent,2015,947,787.3665740430449,average,763,approximate_interval,
NFHS-5,all_narrow,19,west bengal,observed_private_pct,82.87064268788895,1.3791186235232271,80.16332529293037,85.57796008284753,percent,2015,947,787.3665740430449,zero_sensitivity_only,763,approximate_interval,
NFHS-5,all_narrow,19,west bengal,observed_gap_pp,52.66833001438693,1.8223520387935561,49.09091086406035,56.245749164713516,percentage points,2015,947,787.3665740430449,adjust,763,approximate_interval,
NFHS-5,all_narrow,19,west bengal,observed_gap_pp,52.66833001438693,1.8223520387935561,49.09091086406035,56.245749164713516,percentage points,2015,947,787.3665740430449,average,763,approximate_interval,
NFHS-5,all_narrow,19,west bengal,observed_gap_pp,52.66833001438693,1.8223520387935561,49.09091086406035,56.245749164713516,percentage points,2015,947,787.3665740430449,zero_sensitivity_only,763,approximate_interval,
NFHS-5,first_delivery,19,west bengal,observed_public_pct,33.7328446460733,1.7462711508926358,30.30477821111492,37.160911081031685,percent,1081,594,868.4998704840036,adjust,763,approximate_interval,
NFHS-5,first_delivery,19,west bengal,observed_public_pct,33.7328446460733,1.7462711508926358,30.30477821111492,37.160911081031685,percent,1081,594,868.4998704840036,average,763,approximate_interval,
NFHS-5,first_delivery,19,west bengal,observed_public_pct,33.7328446460733,1.7462711508926358,30.30477821111492,37.160911081031685,percent,1081,594,868.4998704840036,zero_sensitivity_only,763,approximate_interval,
NFHS-5,first_delivery,19,west bengal,observed_private_pct,84.12712681774178,1.637018597042688,80.9135316649752,87.34072197050837,percent,1081,594,490.406335682013,adjust,763,approximate_interval,
NFHS-5,first_delivery,19,west bengal,observed_private_pct,84.12712681774178,1.637018597042688,80.9135316649752,87.34072197050837,percent,1081,594,490.406335682013,average,763,approximate_interval,
NFHS-5,first_delivery,19,west bengal,observed_private_pct,84.12712681774178,1.637018597042688,80.9135316649752,87.34072197050837,percent,1081,594,490.406335682013,zero_sensitivity_only,763,approximate_interval,
NFHS-5,first_delivery,19,west bengal,observed_gap_pp,50.39428217166848,2.389134345302862,45.70422515872837,55.08433918460859,percentage points,1081,594,490.406335682013,adjust,763,approximate_interval,
NFHS-5,first_delivery,19,west bengal,observed_gap_pp,50.39428217166848,2.389134345302862,45.70422515872837,55.08433918460859,percentage points,1081,594,490.406335682013,average,763,approximate_interval,
NFHS-5,first_delivery,19,west bengal,observed_gap_pp,50.39428217166848,2.389134345302862,45.70422515872837,55.08433918460859,percentage points,1081,594,490.406335682013,zero_sensitivity_only,763,approximate_interval,
